match_no,group,home_team,away_team,kickoff_utc,stadium,city
1,A,Mexico,South Africa,2026-06-11T19:00:00,Estadio Azteca,Mexico City
2,A,South Korea,Czech Republic,2026-06-12T02:00:00,Estadio Akron,Zapopan
3,B,Canada,Bosnia and Herzegovina,2026-06-12T19:00:00,BMO Field,Toronto
4,D,United States,Paraguay,2026-06-13T01:00:00,SoFi Stadium,"Inglewood, California"
5,C,Haiti,Scotland,2026-06-14T01:00:00,Gillette Stadium,"Foxborough, Massachusetts"
6,D,Australia,Turkey,2026-06-14T04:00:00,BC Place,Vancouver
7,C,Brazil,Morocco,2026-06-13T22:00:00,MetLife Stadium,"East Rutherford, New Jersey"
8,B,Qatar,Switzerland,2026-06-13T19:00:00,Levi's Stadium,"Santa Clara, California"
9,E,Ivory Coast,Ecuador,2026-06-14T23:00:00,Lincoln Financial Field,Philadelphia
10,E,Germany,Curaçao,2026-06-14T17:00:00,NRG Stadium,Houston
11,F,Netherlands,Japan,2026-06-14T20:00:00,AT&T Stadium,"Arlington, Texas"
12,F,Sweden,Tunisia,2026-06-15T02:00:00,Estadio BBVA,"Guadalupe, Nuevo León"
13,H,Saudi Arabia,Uruguay,2026-06-15T22:00:00,Hard Rock Stadium,"Miami Gardens, Florida"
14,H,Spain,Cape Verde,2026-06-15T16:00:00,Mercedes-Benz Stadium,Atlanta
15,G,Iran,New Zealand,2026-06-16T01:00:00,SoFi Stadium,"Inglewood, California"
16,G,Belgium,Egypt,2026-06-15T19:00:00,Lumen Field,Seattle
17,I,France,Senegal,2026-06-16T19:00:00,MetLife Stadium,"East Rutherford, New Jersey"
18,I,Iraq,Norway,2026-06-16T22:00:00,Gillette Stadium,"Foxborough, Massachusetts"
19,J,Argentina,Algeria,2026-06-17T01:00:00,Arrowhead Stadium,"Kansas City, Missouri"
20,J,Austria,Jordan,2026-06-17T04:00:00,Levi's Stadium,"Santa Clara, California"
21,L,Ghana,Panama,2026-06-17T23:00:00,BMO Field,Toronto
22,L,England,Croatia,2026-06-17T20:00:00,AT&T Stadium,"Arlington, Texas"
23,K,Portugal,DR Congo,2026-06-17T17:00:00,NRG Stadium,Houston
24,K,Uzbekistan,Colombia,2026-06-18T02:00:00,Estadio Azteca,Mexico City
25,A,Czech Republic,South Africa,2026-06-18T16:00:00,Mercedes-Benz Stadium,Atlanta
26,B,Switzerland,Bosnia and Herzegovina,2026-06-18T19:00:00,SoFi Stadium,"Inglewood, California"
27,B,Canada,Qatar,2026-06-18T22:00:00,BC Place,Vancouver
28,A,Mexico,South Korea,2026-06-19T01:00:00,Estadio Akron,Zapopan
29,C,Brazil,Haiti,2026-06-20T00:30:00,Lincoln Financial Field,Philadelphia
30,C,Scotland,Morocco,2026-06-19T22:00:00,Gillette Stadium,"Foxborough, Massachusetts"
31,D,Turkey,Paraguay,2026-06-20T03:00:00,Levi's Stadium,"Santa Clara, California"
32,D,United States,Australia,2026-06-19T19:00:00,Lumen Field,Seattle
33,E,Germany,Ivory Coast,2026-06-20T20:00:00,BMO Field,Toronto
34,E,Ecuador,Curaçao,2026-06-21T00:00:00,Arrowhead Stadium,"Kansas City, Missouri"
35,F,Netherlands,Sweden,2026-06-20T17:00:00,NRG Stadium,Houston
36,F,Tunisia,Japan,2026-06-21T04:00:00,Estadio BBVA,"Guadalupe, Nuevo León"
37,H,Uruguay,Cape Verde,2026-06-21T22:00:00,Hard Rock Stadium,"Miami Gardens, Florida"
38,H,Spain,Saudi Arabia,2026-06-21T16:00:00,Mercedes-Benz Stadium,Atlanta
39,G,Belgium,Iran,2026-06-21T19:00:00,SoFi Stadium,"Inglewood, California"
40,G,New Zealand,Egypt,2026-06-22T01:00:00,BC Place,Vancouver
41,I,Norway,Senegal,2026-06-23T00:00:00,MetLife Stadium,"East Rutherford, New Jersey"
42,I,France,Iraq,2026-06-22T21:00:00,Lincoln Financial Field,Philadelphia
43,J,Argentina,Austria,2026-06-22T17:00:00,AT&T Stadium,"Arlington, Texas"
44,J,Jordan,Algeria,2026-06-23T03:00:00,Levi's Stadium,"Santa Clara, California"
45,L,England,Ghana,2026-06-23T20:00:00,Gillette Stadium,"Foxborough, Massachusetts"
46,L,Panama,Croatia,2026-06-23T23:00:00,BMO Field,Toronto
47,K,Portugal,Uzbekistan,2026-06-23T17:00:00,NRG Stadium,Houston
48,K,Colombia,DR Congo,2026-06-24T02:00:00,Estadio Akron,Zapopan
49,C,Scotland,Brazil,2026-06-24T22:00:00,Hard Rock Stadium,"Miami Gardens, Florida"
50,C,Morocco,Haiti,2026-06-24T22:00:00,Mercedes-Benz Stadium,Atlanta
51,B,Switzerland,Canada,2026-06-24T19:00:00,BC Place,Vancouver
52,B,Bosnia and Herzegovina,Qatar,2026-06-24T19:00:00,Lumen Field,Seattle
53,A,Czech Republic,Mexico,2026-06-25T01:00:00,Estadio Azteca,Mexico City
54,A,South Africa,South Korea,2026-06-25T01:00:00,Estadio BBVA,"Guadalupe, Nuevo León"
55,E,Curaçao,Ivory Coast,2026-06-25T20:00:00,Lincoln Financial Field,Philadelphia
56,E,Ecuador,Germany,2026-06-25T20:00:00,MetLife Stadium,"East Rutherford, New Jersey"
57,F,Japan,Sweden,2026-06-25T23:00:00,AT&T Stadium,"Arlington, Texas"
58,F,Tunisia,Netherlands,2026-06-25T23:00:00,Arrowhead Stadium,"Kansas City, Missouri"
59,D,Turkey,United States,2026-06-26T02:00:00,SoFi Stadium,"Inglewood, California"
60,D,Paraguay,Australia,2026-06-26T02:00:00,Levi's Stadium,"Santa Clara, California"
61,I,Norway,France,2026-06-26T19:00:00,Gillette Stadium,"Foxborough, Massachusetts"
62,I,Senegal,Iraq,2026-06-26T19:00:00,BMO Field,Toronto
63,G,Egypt,Iran,2026-06-27T03:00:00,Lumen Field,Seattle
64,G,New Zealand,Belgium,2026-06-27T03:00:00,BC Place,Vancouver
65,H,Cape Verde,Saudi Arabia,2026-06-27T00:00:00,NRG Stadium,Houston
66,H,Uruguay,Spain,2026-06-27T00:00:00,Estadio Akron,Zapopan
67,L,Panama,England,2026-06-27T21:00:00,MetLife Stadium,"East Rutherford, New Jersey"
68,L,Croatia,Ghana,2026-06-27T21:00:00,Lincoln Financial Field,Philadelphia
69,J,Algeria,Austria,2026-06-28T02:00:00,Arrowhead Stadium,"Kansas City, Missouri"
70,J,Jordan,Argentina,2026-06-28T02:00:00,AT&T Stadium,"Arlington, Texas"
71,K,Colombia,Portugal,2026-06-27T23:30:00,Hard Rock Stadium,"Miami Gardens, Florida"
72,K,DR Congo,Uzbekistan,2026-06-27T23:30:00,Mercedes-Benz Stadium,Atlanta
