country_code,team,number,position,name,dob,club
ALG,Algeria,1,GK,MASTIL Melvin,19/02/2000,FC Stade Nyonnais (SUI)
ALG,Algeria,2,DF,MANDI Aissa,22/10/1991,Lille OSC (FRA)
ALG,Algeria,3,DF,ABADA Achref,15/06/1999,USM Alger (ALG)
ALG,Algeria,4,DF,TOUGAI Mohamed Amine,22/01/2000,Espérance De Tunisie (TUN)
ALG,Algeria,5,DF,BELAID Zineddine,20/03/1999,JS Kabylie (ALG)
ALG,Algeria,6,MF,ZERROUKI Ramiz,26/05/1998,FC Twente (NED)
ALG,Algeria,7,FW,MAHREZ Riyad,21/02/1991,Al Ahli FC (KSA)
ALG,Algeria,8,MF,AOUAR Houssem,30/06/1998,Al Ittihad (KSA)
ALG,Algeria,9,FW,GOUIRI Amine,16/02/2000,Olympique Marseille (FRA)
ALG,Algeria,10,MF,CHAIBI Fares,28/11/2002,Eintracht Frankfurt (GER)
ALG,Algeria,11,FW,HADJ MOUSSA Anis,11/02/2002,Feyenoord Rotterdam (NED)
ALG,Algeria,12,FW,BENBOUALI Nadhir,17/04/2000,Györi ETO FC (HUN)
ALG,Algeria,13,DF,HADJAM Jaouen,26/03/2003,BSC Young Boys (SUI)
ALG,Algeria,14,MF,BOUDAOUI Hicham,23/09/1999,OGC Nice (FRA)
ALG,Algeria,15,DF,AIT-NOURI Rayan,06/06/2001,Manchester City FC (ENG)
ALG,Algeria,16,GK,BENBOT Oussama,11/10/1994,USM Alger (ALG)
ALG,Algeria,17,DF,BELGHALI Rafik,07/06/2002,Hellas Verona FC (ITA)
ALG,Algeria,18,FW,AMOURA Mohamed,09/05/2000,VfL Wolfsburg (GER)
ALG,Algeria,19,MF,BENTALEB Nabil,24/11/1994,Lille OSC (FRA)
ALG,Algeria,20,FW,BOULBINA Adil,02/05/2003,Al Duhail SC (QAT)
ALG,Algeria,21,DF,BENSEBAINI Ramy,16/04/1995,Borussia Dortmund (GER)
ALG,Algeria,22,MF,MAZA Ibrahim,24/11/2005,Bayer 04 Leverkusen (GER)
ALG,Algeria,23,GK,ZIDANE Luca,13/05/1998,Granada CF (ESP)
ALG,Algeria,24,MF,TITRAOUI Yassine,26/07/2003,Sporting Charleroi (BEL)
ALG,Algeria,25,FW,GHEDJEMIS Fares,06/09/2002,Frosinone (ITA)
ALG,Algeria,26,DF,CHERGUI Samir,06/02/1999,Paris FC (FRA)
ARG,Argentina,1,GK,MUSSO Juan,06/05/1994,Atlético De Madrid (ESP)
ARG,Argentina,2,DF,BALERDI Leonardo,26/01/1999,Olympique Marseille (FRA)
ARG,Argentina,3,DF,TAGLIAFICO Nicolas,31/08/1992,Olympique Lyonnais (FRA)
ARG,Argentina,4,DF,MONTIEL Gonzalo,01/01/1997,CA River Plate (ARG)
ARG,Argentina,5,MF,PAREDES Leandro,29/06/1994,CA Boca Juniors (ARG)
ARG,Argentina,6,DF,MARTINEZ Lisandro,18/01/1998,Manchester United FC (ENG)
ARG,Argentina,7,MF,DE PAUL Rodrigo,24/05/1994,Inter Miami CF (USA)
ARG,Argentina,8,MF,BARCO Valentin,23/07/2004,RC Strasbourg (FRA)
ARG,Argentina,9,FW,ALVAREZ Julian,31/01/2000,Atlético De Madrid (ESP)
ARG,Argentina,10,FW,MESSI Lionel,24/06/1987,Inter Miami CF (USA)
ARG,Argentina,11,MF,LO CELSO Giovani,09/04/1996,Real Betis (ESP)
ARG,Argentina,12,GK,RULLI Geronimo,20/05/1992,Olympique Marseille (FRA)
ARG,Argentina,13,DF,ROMERO Cristian,27/04/1998,Tottenham Hotspur FC (ENG)
ARG,Argentina,14,MF,PALACIOS Exequiel,05/10/1998,Bayer 04 Leverkusen (GER)
ARG,Argentina,15,MF,GONZALEZ Nico,06/04/1998,Atlético De Madrid (ESP)
ARG,Argentina,16,FW,ALMADA Thiago,26/04/2001,Atlético De Madrid (ESP)
ARG,Argentina,17,FW,SIMEONE Giuliano,18/12/2002,Atlético De Madrid (ESP)
ARG,Argentina,18,FW,PAZ Nico,08/09/2004,Como (ITA)
ARG,Argentina,19,DF,OTAMENDI Nicolas,12/02/1988,SL Benfica (POR)
ARG,Argentina,20,MF,MAC ALLISTER Alexis,24/12/1998,Liverpool FC (ENG)
ARG,Argentina,21,FW,LOPEZ Jose Manuel,06/12/2000,SE Palmeiras (BRA)
ARG,Argentina,22,FW,MARTINEZ Lautaro,22/08/1997,FC Internazionale Milano (ITA)
ARG,Argentina,23,GK,MARTINEZ Emiliano,02/09/1992,Aston Villa FC (ENG)
ARG,Argentina,24,MF,FERNANDEZ Enzo,17/01/2001,Chelsea FC (ENG)
ARG,Argentina,25,DF,MEDINA Facundo,28/05/1999,Olympique Marseille (FRA)
ARG,Argentina,26,DF,MOLINA Nahuel,06/04/1998,Atlético De Madrid (ESP)
AUS,Australia,1,GK,RYAN Mathew,08/04/1992,Levante UD (ESP)
AUS,Australia,2,DF,DEGENEK Milos,28/04/1994,APOEL FC (CYP)
AUS,Australia,3,DF,CIRCATI Alessandro,10/10/2003,Parma (ITA)
AUS,Australia,4,DF,ITALIANO Jacob,30/07/2001,Grazer AK (AUT)
AUS,Australia,5,DF,BOS Jordan,29/10/2002,Feyenoord Rotterdam (NED)
AUS,Australia,6,DF,GERIA Jason,10/05/1993,Albirex Niigata (JPN)
AUS,Australia,7,FW,LECKIE Mathew,04/02/1991,Melbourne City FC (AUS)
AUS,Australia,8,MF,METCALFE Connor,05/11/1999,FC St. Pauli (GER)
AUS,Australia,9,FW,TOURE Mohamed,26/03/2004,Norwich City FC (ENG)
AUS,Australia,10,FW,HRUSTIC Ajdin,05/07/1996,SC Heracles Almelo (NED)
AUS,Australia,11,FW,MABIL Awer,15/09/1995,CD Castellón (ESP)
AUS,Australia,12,GK,IZZO Paul,06/01/1995,Randers FC (DEN)
AUS,Australia,13,MF,ONEILL Aiden,04/07/1998,New York City FC (USA)
AUS,Australia,14,MF,DEVLIN Cameron,07/06/1998,Heart Of Midlothian FC (SCO)
AUS,Australia,15,DF,TREWIN Kai,18/05/2001,New York City FC (USA)
AUS,Australia,16,DF,BEHICH Aziz,16/12/1990,Melbourne City FC (AUS)
AUS,Australia,17,FW,IRANKUNDA Nestory,09/02/2006,Watford FC (ENG)
AUS,Australia,18,GK,BEACH Patrick,06/08/2003,Melbourne City FC (AUS)
AUS,Australia,19,DF,SOUTTAR Harry,22/10/1998,Leicester City FC (ENG)
AUS,Australia,20,FW,VOLPATO Cristian,15/11/2003,US Sassuolo (ITA)
AUS,Australia,21,DF,BURGESS Cameron,21/10/1995,Swansea City AFC (WAL)
AUS,Australia,22,MF,IRVINE Jackson,07/03/1993,FC St. Pauli (GER)
AUS,Australia,23,FW,VELUPILLAY Nishan,07/05/2001,Melbourne Victory FC (AUS)
AUS,Australia,24,MF,OKON-ENGSTLER Paul,24/01/2005,Sydney FC (AUS)
AUS,Australia,25,DF,HERRINGTON Lucas,05/09/2007,Colorado Rapids (USA)
AUS,Australia,26,FW,YENGI Tete,28/11/2000,FC Machida Zelvia (JPN)
AUT,Austria,1,GK,SCHLAGER Alexander,01/02/1996,FC Red Bull Salzburg (AUT)
AUT,Austria,2,DF,AFFENGRUBER David,19/03/2001,Elche CF (ESP)
AUT,Austria,3,DF,DANSO Kevin,19/09/1998,Tottenham Hotspur FC (ENG)
AUT,Austria,4,MF,SCHLAGER Xaver,28/09/1997,RB Leipzig (GER)
AUT,Austria,5,DF,POSCH Stefan,14/05/1997,1. FSV Mainz 05 (GER)
AUT,Austria,6,MF,SEIWALD Nicolas,04/05/2001,RB Leipzig (GER)
AUT,Austria,7,FW,ARNAUTOVIC Marko,19/04/1989,FK Crvena Zvezda (SRB)
AUT,Austria,8,DF,ALABA David,24/06/1992,Real Madrid C. F. (ESP)
AUT,Austria,9,MF,SABITZER Marcel,17/03/1994,Borussia Dortmund (GER)
AUT,Austria,10,MF,GRILLITSCH Florian,07/08/1995,SC Braga (POR)
AUT,Austria,11,FW,GREGORITSCH Michael,18/04/1994,FC Augsburg (GER)
AUT,Austria,12,GK,WIEGELE Florian,21/03/2001,FC Viktoria Plzeň (CZE)
AUT,Austria,13,GK,PENTZ Patrick,02/01/1997,Brøndby IF (DEN)
AUT,Austria,14,FW,KALAJDZIC Sasa,07/07/1997,LASK Linz (AUT)
AUT,Austria,15,DF,LIENHART Philipp,11/07/1996,SC Freiburg (GER)
AUT,Austria,16,DF,MWENE Phillip,29/01/1994,1. FSV Mainz 05 (GER)
AUT,Austria,17,MF,CHUKWUEMEKA Carney,20/10/2003,Borussia Dortmund (GER)
AUT,Austria,18,MF,SCHMID Romano,27/01/2000,SV Werder Bremen (GER)
AUT,Austria,19,MF,LJUBICIC Dejan,08/10/1997,FC Schalke 04 (GER)
AUT,Austria,20,MF,LAIMER Konrad,27/05/1997,FC Bayern München (GER)
AUT,Austria,21,FW,WIMMER Patrick,30/05/2001,VfL Wolfsburg (GER)
AUT,Austria,22,MF,PRASS Alexander,26/05/2001,TSG Hoffenheim (GER)
AUT,Austria,23,DF,FRIEDL Marco,16/03/1998,SV Werder Bremen (GER)
AUT,Austria,24,MF,WANNER Paul,23/12/2005,PSV Eindhoven (NED)
AUT,Austria,25,DF,SVOBODA Michael,15/10/1998,Venezia FC (ITA)
AUT,Austria,26,MF,SCHOEPF Alessandro,07/02/1994,Wolfsberger AC (AUT)
BEL,Belgium,1,GK,COURTOIS Thibaut,11/05/1992,Real Madrid C. F. (ESP)
BEL,Belgium,2,DF,DEBAST Zeno,24/10/2003,Sporting CP (POR)
BEL,Belgium,3,DF,THEATE Arthur,25/05/2000,Eintracht Frankfurt (GER)
BEL,Belgium,4,DF,MECHELE Brandon,28/01/1993,Club Brugge (BEL)
BEL,Belgium,5,DF,DE CUYPER Maxim,22/12/2000,Brighton & Hove Albion FC (ENG)
BEL,Belgium,6,MF,WITSEL Axel,12/01/1989,Girona FC (ESP)
BEL,Belgium,7,MF,DE BRUYNE Kevin,28/06/1991,SSC Napoli (ITA)
BEL,Belgium,8,MF,TIELEMANS Youri,07/05/1997,Aston Villa FC (ENG)
BEL,Belgium,9,FW,LUKAKU Romelu,13/05/1993,SSC Napoli (ITA)
BEL,Belgium,10,FW,TROSSARD Leandro,04/12/1994,Arsenal FC (ENG)
BEL,Belgium,11,FW,DOKU Jeremy,27/05/2002,Manchester City FC (ENG)
BEL,Belgium,12,GK,LAMMENS Senne,07/07/2002,Manchester United FC (ENG)
BEL,Belgium,13,GK,PENDERS Mike,31/07/2005,RC Strasbourg (FRA)
BEL,Belgium,14,FW,LUKEBAKIO Dodi,24/09/1997,SL Benfica (POR)
BEL,Belgium,15,DF,MEUNIER Thomas,12/09/1991,Lille OSC (FRA)
BEL,Belgium,16,DF,DE WINTER Koni,12/06/2002,AC Milan (ITA)
BEL,Belgium,17,FW,DE KETELAERE Charles,10/03/2001,Atalanta Bergamo (ITA)
BEL,Belgium,18,DF,SEYS Joaquin,28/03/2005,Club Brugge (BEL)
BEL,Belgium,19,MF,MOREIRA Diego,06/08/2004,RC Strasbourg (FRA)
BEL,Belgium,20,MF,VANAKEN Hans,24/08/1992,Club Brugge (BEL)
BEL,Belgium,21,DF,CASTAGNE Timothy,05/12/1995,Fulham FC (ENG)
BEL,Belgium,22,MF,SAELEMAEKERS Alexis,27/06/1999,AC Milan (ITA)
BEL,Belgium,23,MF,RASKIN Nicolas,23/02/2001,Rangers FC (SCO)
BEL,Belgium,24,MF,ONANA Amadou,16/08/2001,Aston Villa FC (ENG)
BEL,Belgium,25,DF,NGOY Nathan,10/06/2003,Lille OSC (FRA)
BEL,Belgium,26,FW,FERNANDEZ-PARDO Matias,03/02/2005,Lille OSC (FRA)
BIH,Bosnia And Herzegovina,1,GK,VASILJ Nikola,02/12/1995,FC St. Pauli (GER)
BIH,Bosnia And Herzegovina,2,DF,MUJAKIC Nihad,15/04/1998,Gaziantep FK (TUR)
BIH,Bosnia And Herzegovina,3,DF,HADZIKADUNIC Dennis,09/07/1998,UC Sampdoria (ITA)
BIH,Bosnia And Herzegovina,4,DF,MUHAREMOVIC Tarik,28/02/2003,US Sassuolo (ITA)
BIH,Bosnia And Herzegovina,5,DF,KOLASINAC Sead,20/06/1993,Atalanta Bergamo (ITA)
BIH,Bosnia And Herzegovina,6,MF,TAHIROVIC Benjamin,03/03/2003,Brøndby IF (DEN)
BIH,Bosnia And Herzegovina,7,DF,DEDIC Amar,18/08/2002,SL Benfica (POR)
BIH,Bosnia And Herzegovina,8,MF,GIGOVIC Armin,06/04/2002,BSC Young Boys (SUI)
BIH,Bosnia And Herzegovina,9,FW,BAZDAR Samed,31/01/2004,Jagiellonia Białystok (POL)
BIH,Bosnia And Herzegovina,10,FW,DEMIROVIC Ermedin,25/03/1998,VfB Stuttgart (GER)
BIH,Bosnia And Herzegovina,11,FW,DZEKO Edin,17/03/1986,FC Schalke 04 (GER)
BIH,Bosnia And Herzegovina,12,GK,JURKAS Mladen,07/10/2007,FK Borac Banja Luka (BIH)
BIH,Bosnia And Herzegovina,13,MF,BASIC Ivan,30/04/2002,FC Astana (KAZ)
BIH,Bosnia And Herzegovina,14,MF,SUNJIC Ivan,09/10/1996,Pafos FC (CYP)
BIH,Bosnia And Herzegovina,15,MF,MEMIC Amar,20/01/2001,FC Viktoria Plzeň (CZE)
BIH,Bosnia And Herzegovina,16,MF,HADZIAHMETOVIC Amir,08/03/1997,Hull City FC (ENG)
BIH,Bosnia And Herzegovina,17,MF,BURNIC Dzenis,22/05/1998,Karlsruher SC (GER)
BIH,Bosnia And Herzegovina,18,DF,KATIC Nikola,10/10/1996,FC Schalke 04 (GER)
BIH,Bosnia And Herzegovina,19,FW,ALAJBEGOVIC Kerim,21/09/2007,FC Red Bull Salzburg (AUT)
BIH,Bosnia And Herzegovina,20,FW,BAJRAKTAREVIC Esmir,10/03/2005,PSV Eindhoven (NED)
BIH,Bosnia And Herzegovina,21,DF,RADELJIC Stjepan,05/09/1997,HNK Rijeka (CRO)
BIH,Bosnia And Herzegovina,22,GK,ZLOMISLIC Martin,16/08/1998,HNK Rijeka (CRO)
BIH,Bosnia And Herzegovina,23,FW,TABAKOVIC Haris,20/06/1994,Borussia Mönchengladbach (GER)
BIH,Bosnia And Herzegovina,24,DF,MALIC Arjan,28/08/2005,SK Sturm Graz (AUT)
BIH,Bosnia And Herzegovina,25,FW,LUKIC Jovo,28/11/1998,Universitatea Cluj (ROU)
BIH,Bosnia And Herzegovina,26,MF,MAHMIC Ermin,14/03/2005,FC Slovan Liberec (CZE)
BRA,Brazil,1,GK,ALISSON,02/10/1992,Liverpool FC (ENG)
BRA,Brazil,2,MF,EDERSON SILVA,07/07/1999,Atalanta Bergamo (ITA)
BRA,Brazil,3,DF,GABRIEL MAGALHAES,19/12/1997,Arsenal FC (ENG)
BRA,Brazil,4,DF,MARQUINHOS,14/05/1994,Paris Saint-Germain (FRA)
BRA,Brazil,5,MF,CASEMIRO,23/02/1992,Manchester United FC (ENG)
BRA,Brazil,6,DF,ALEX SANDRO,26/01/1991,CR Flamengo (BRA)
BRA,Brazil,7,FW,VINICIUS JUNIOR,12/07/2000,Real Madrid C. F. (ESP)
BRA,Brazil,8,MF,BRUNO GUIMARAES,16/11/1997,Newcastle United FC (ENG)
BRA,Brazil,9,FW,MATHEUS CUNHA,27/05/1999,Manchester United FC (ENG)
BRA,Brazil,10,FW,NEYMAR JR,05/02/1992,Santos FC (BRA)
BRA,Brazil,11,FW,RAPHINHA,14/12/1996,FC Barcelona (ESP)
BRA,Brazil,12,GK,WEVERTON,13/12/1987,Grêmio FBPA (BRA)
BRA,Brazil,13,DF,DANILO,15/07/1991,CR Flamengo (BRA)
BRA,Brazil,14,DF,BREMER,18/03/1997,Juventus FC (ITA)
BRA,Brazil,15,DF,LEO PEREIRA,31/01/1996,CR Flamengo (BRA)
BRA,Brazil,16,DF,DOUGLAS SANTOS,22/03/1994,FC Zenit St. Petersburg (RUS)
BRA,Brazil,17,MF,FABINHO,23/10/1993,Al Ittihad (KSA)
BRA,Brazil,18,MF,DANILO SANTOS,29/04/2001,Botafogo (BRA)
BRA,Brazil,19,FW,ENDRICK,21/07/2006,Olympique Lyonnais (FRA)
BRA,Brazil,20,MF,LUCAS PAQUETA,27/08/1997,CR Flamengo (BRA)
BRA,Brazil,21,FW,LUIZ HENRIQUE,02/01/2001,FC Zenit St. Petersburg (RUS)
BRA,Brazil,22,FW,GABRIEL MARTINELLI,18/06/2001,Arsenal FC (ENG)
BRA,Brazil,23,GK,EDERSON,17/08/1993,Fenerbahçe SK (TUR)
BRA,Brazil,24,DF,ROGER IBANEZ,23/11/1998,Al Ahli FC (KSA)
BRA,Brazil,25,FW,IGOR THIAGO,26/06/2001,Brentford FC (ENG)
BRA,Brazil,26,FW,RAYAN,03/08/2006,AFC Bournemouth (ENG)
CPV,Cabo Verde,1,GK,VOZINHA,03/06/1986,GD Chaves (POR)
CPV,Cabo Verde,2,DF,STOPIRA,20/05/1988,SCU Torreense (POR)
CPV,Cabo Verde,3,DF,DINEY BORGES,17/01/1995,Al Bataeh Club (UAE)
CPV,Cabo Verde,4,DF,PICO LOPES,17/06/1992,Shamrock Rovers FC (IRL)
CPV,Cabo Verde,5,DF,LOGAN COSTA,01/04/2001,Villarreal CF (ESP)
CPV,Cabo Verde,6,MF,KEVIN PINA,27/01/1997,FC Krasnodar (RUS)
CPV,Cabo Verde,7,MF,JOVANE CABRAL,14/06/1998,CF Estrela Da Amadora (POR)
CPV,Cabo Verde,8,MF,JOAO PAULO,26/05/1998,FC FCSB (ROU)
CPV,Cabo Verde,9,FW,GILSON BENCHIMOL,29/12/2001,FC Akron Tolyatti (RUS)
CPV,Cabo Verde,10,MF,JAMIRO MONTEIRO,23/11/1993,PEC Zwolle (NED)
CPV,Cabo Verde,11,MF,GARRY RODRIGUES,27/11/1990,Apollon Limassol (CYP)
CPV,Cabo Verde,12,GK,MARCIO ROSA,23/02/1997,PFC Montana (BUL)
CPV,Cabo Verde,13,DF,SIDNY LOPES CABRAL,18/09/2002,SL Benfica (POR)
CPV,Cabo Verde,14,MF,DEROY DUARTE,04/07/1999,PFC Ludogorets Razgrad (BUL)
CPV,Cabo Verde,15,MF,LAROS DUARTE,28/02/1997,Puskás Akadémia FC (HUN)
CPV,Cabo Verde,16,MF,YANNICK SEMEDO,29/12/1995,SC Farense (POR)
CPV,Cabo Verde,17,MF,WILLY SEMEDO,27/04/1994,AC Omonia (CYP)
CPV,Cabo Verde,18,MF,TELMO ARCANJO,21/06/2001,Vitória SC (POR)
CPV,Cabo Verde,19,FW,DAILON LIVRAMENTO,04/05/2001,Casa Pia AC (POR)
CPV,Cabo Verde,20,FW,RYAN MENDES,08/01/1990,Iğdır FK (TUR)
CPV,Cabo Verde,21,MF,NUNO DA COSTA,10/02/1991,Başakşehir FK (TUR)
CPV,Cabo Verde,22,DF,STEVEN MOREIRA,13/08/1994,Columbus Crew (USA)
CPV,Cabo Verde,23,GK,CJ DOS SANTOS,24/08/2000,San Diego FC (USA)
CPV,Cabo Verde,24,DF,WAGNER PINA,03/11/2002,Trabzonspor (TUR)
CPV,Cabo Verde,25,DF,KELVIN PIRES,05/06/2000,SJK (FIN)
CPV,Cabo Verde,26,MF,HELIO VARELA,03/05/2002,Maccabi Tel-Aviv FC (ISR)
CAN,Canada,1,GK,ST. CLAIR Dayne,09/05/1997,Inter Miami CF (USA)
CAN,Canada,2,DF,JOHNSTON Alistair,08/10/1998,Celtic FC (SCO)
CAN,Canada,3,DF,JONES Alfie,07/10/1997,Middlesbrough FC (ENG)
CAN,Canada,4,DF,DE FOUGEROLLES Luc,12/10/2005,FCV Dender EH (BEL)
CAN,Canada,5,DF,WATERMAN Joel,24/01/1996,Chicago Fire FC (USA)
CAN,Canada,6,MF,CHOINIERE Mathieu,07/02/1999,LAFC (USA)
CAN,Canada,7,MF,EUSTAQUIO Stephen,21/12/1996,LAFC (USA)
CAN,Canada,8,MF,KONE Ismael,16/06/2002,US Sassuolo (ITA)
CAN,Canada,9,FW,LARIN Cyle,17/04/1995,Southampton FC (ENG)
CAN,Canada,10,FW,DAVID Jonathan,14/01/2000,Juventus FC (ITA)
CAN,Canada,11,MF,MILLAR Liam,27/09/1999,Hull City FC (ENG)
CAN,Canada,12,FW,OLUWASEYI Tani,15/05/2000,Villarreal CF (ESP)
CAN,Canada,13,DF,CORNELIUS Derek,25/11/1997,Rangers FC (SCO)
CAN,Canada,14,MF,SHAFFELBURG Jacob,26/11/1999,LAFC (USA)
CAN,Canada,15,DF,BOMBITO Moise,30/03/2000,OGC Nice (FRA)
CAN,Canada,16,GK,CREPEAU Maxime,11/05/1994,Orlando City SC (USA)
CAN,Canada,17,FW,BUCHANAN Tajon,08/02/1999,Villarreal CF (ESP)
CAN,Canada,18,GK,GOODMAN Owen,27/11/2003,Barnsley (ENG)
CAN,Canada,19,DF,DAVIES Alphonso,02/11/2000,FC Bayern München (GER)
CAN,Canada,20,FW,AHMED Ali,10/10/2000,Norwich City FC (ENG)
CAN,Canada,21,MF,OSORIO Jonathan,12/06/1992,Toronto FC (CAN)
CAN,Canada,22,DF,LARYEA Richie,07/01/1995,Toronto FC (CAN)
CAN,Canada,23,DF,SIGUR Niko,09/09/2003,HNK Hajduk Split (CRO)
CAN,Canada,24,FW,DAVID Promise,03/07/2001,Royale Union Saint-Gilloise (BEL)
CAN,Canada,25,MF,SALIBA Nathan,07/02/2004,RSC Anderlecht (BEL)
CAN,Canada,26,FW,NELSON Jayden,26/09/2002,Austin FC (USA)
COL,Colombia,1,GK,OSPINA David,31/08/1988,Atlético Nacional (COL)
COL,Colombia,2,DF,MUNOZ Daniel,26/05/1996,Crystal Palace FC (ENG)
COL,Colombia,3,DF,LUCUMI Jhon,26/06/1998,Bologna FC (ITA)
COL,Colombia,4,DF,ARIAS Santiago,13/01/1992,CA Independiente (ARG)
COL,Colombia,5,MF,CASTANO Kevin,29/09/2000,CA River Plate (ARG)
COL,Colombia,6,MF,RIOS Richard,02/06/2000,SL Benfica (POR)
COL,Colombia,7,FW,DIAZ Luis,13/01/1997,FC Bayern München (GER)
COL,Colombia,8,MF,CARRASCAL Jorge,25/05/1998,CR Flamengo (BRA)
COL,Colombia,9,FW,CORDOBA Jhon,11/05/1993,FC Krasnodar (RUS)
COL,Colombia,10,MF,RODRIGUEZ James,12/07/1991,Minnesota United FC (USA)
COL,Colombia,11,MF,ARIAS Jhon,21/09/1997,SE Palmeiras (BRA)
COL,Colombia,12,GK,VARGAS Camilo,09/03/1989,Atlas FC (MEX)
COL,Colombia,13,DF,MINA Yerry,23/09/1994,Cagliari (ITA)
COL,Colombia,14,DF,PUERTA Gustavo,23/07/2003,Racing Santander (ESP)
COL,Colombia,15,MF,PORTILLA Juan,12/09/1998,Athletico Paranaense (BRA)
COL,Colombia,16,MF,LERMA Jefferson,25/10/1994,Crystal Palace FC (ENG)
COL,Colombia,17,DF,MOJICA Johan,21/08/1992,RCD Mallorca (ESP)
COL,Colombia,18,DF,DITTA Willer,23/01/1998,CF Cruz Azul (MEX)
COL,Colombia,19,FW,HERNANDEZ Cucho,20/04/1999,Real Betis (ESP)
COL,Colombia,20,MF,QUINTERO Juan,18/01/1993,CA River Plate (ARG)
COL,Colombia,21,FW,CAMPAZ Jaminton,24/05/2000,CA Rosario Central (ARG)
COL,Colombia,22,DF,MACHADO Deiver,02/09/1993,FC Nantes (FRA)
COL,Colombia,23,DF,SANCHEZ Davinson,12/06/1996,Galatasaray SK (TUR)
COL,Colombia,24,GK,MONTERO Alvaro,29/03/1995,CA Vélez Sarsfield (ARG)
COL,Colombia,25,FW,SUAREZ Luis,02/12/1997,Sporting CP (POR)
COL,Colombia,26,FW,GOMEZ Andres,12/09/2002,CR Vasco Da Gama (BRA)
COD,Congo DR,1,GK,MPASI Lionel,01/08/1994,Le Havre AC (FRA)
COD,Congo DR,2,DF,WAN-BISSAKA Aaron,26/11/1997,West Ham United FC (ENG)
COD,Congo DR,3,DF,KAPUADI Steve,30/04/1998,Widzew Łódź (POL)
COD,Congo DR,4,DF,TUANZEBE Axel,14/11/1997,Burnley FC (ENG)
COD,Congo DR,5,DF,BATUBINSIKA Dylan,15/02/1996,AEL FC (GRE)
COD,Congo DR,6,MF,MUKAU Ngalayel,03/11/2004,Lille OSC (FRA)
COD,Congo DR,7,MF,MBUKU Nathanael,16/03/2002,Montpellier HSC (FRA)
COD,Congo DR,8,MF,MOUTOUSSAMY Samuel,12/08/1996,Atromitos FC (GRE)
COD,Congo DR,9,FW,CIPENGA Brian,11/03/1998,CD Castellón (ESP)
COD,Congo DR,10,MF,BONGONDA Theo,20/11/1995,FC Spartak Moscow (RUS)
COD,Congo DR,11,FW,KAKUTA Gael,21/06/1991,AEL FC (GRE)
COD,Congo DR,12,DF,KAYEMBE Joris,08/08/1994,KRC Genk (BEL)
COD,Congo DR,13,FW,ELIA Meschack,06/08/1997,Alanyaspor (TUR)
COD,Congo DR,14,MF,SADIKI Noah,17/12/2004,Sunderland AFC (ENG)
COD,Congo DR,15,MF,TSHIBOLA Aaron,02/01/1995,Kilmarnock FC (SCO)
COD,Congo DR,16,GK,FAYULU Timothy,24/07/1999,FC Noah (ARM)
COD,Congo DR,17,FW,BAKAMBU Cedric,11/04/1991,Real Betis (ESP)
COD,Congo DR,18,MF,PICKEL Charles,15/05/1997,RCD Espanyol (ESP)
COD,Congo DR,19,FW,MAYELE Fiston,24/06/1994,Pyramids FC (EGY)
COD,Congo DR,20,FW,WISSA Yoane,03/09/1996,Newcastle United FC (ENG)
COD,Congo DR,21,GK,EPOLO Matthieu,15/01/2005,Standard Liège (BEL)
COD,Congo DR,22,DF,MBEMBA Chancel,08/08/1994,Lille OSC (FRA)
COD,Congo DR,23,FW,BANZA Simon,13/08/1996,Al Jazira (UAE)
COD,Congo DR,24,DF,KALULU Gedeon,29/08/1997,Aris Limassol FC (CYP)
COD,Congo DR,25,MF,KAYEMBE Edo,03/06/1998,Watford FC (ENG)
COD,Congo DR,26,DF,MASUAKU Arthur,07/11/1993,RC Lens (FRA)
CIV,Côte D'Ivoire,1,GK,FOFANA Yahia,21/08/2000,Çaykur Rizespor (TUR)
CIV,Côte D'Ivoire,2,DF,DIOMANDE Ousmane,04/12/2003,Sporting CP (POR)
CIV,Côte D'Ivoire,3,DF,KONAN Ghislain,27/12/1995,Gil Vicente FC (POR)
CIV,Côte D'Ivoire,4,MF,SERI Jean Michael,19/07/1991,NK Maribor (SVN)
CIV,Côte D'Ivoire,5,DF,SINGO Wilfried,25/12/2000,Galatasaray SK (TUR)
CIV,Côte D'Ivoire,6,MF,FOFANA Seko,07/05/1995,FC Porto (POR)
CIV,Côte D'Ivoire,7,DF,KOSSOUNOU Odilon,04/01/2001,Atalanta Bergamo (ITA)
CIV,Côte D'Ivoire,8,MF,KESSIE Franck,19/12/1996,Al Ahli FC (KSA)
CIV,Côte D'Ivoire,9,FW,BONNY Ange-Yoan,25/10/2003,FC Internazionale Milano (ITA)
CIV,Côte D'Ivoire,10,FW,ADINGRA Simon,01/01/2002,AS Monaco (FRA)
CIV,Côte D'Ivoire,11,FW,DIOMANDE Yan,14/11/2006,RB Leipzig (GER)
CIV,Côte D'Ivoire,12,FW,WAHI Elye,02/01/2003,OGC Nice (FRA)
CIV,Côte D'Ivoire,13,DF,OPERI Christopher,29/04/1997,Başakşehir FK (TUR)
CIV,Côte D'Ivoire,14,FW,DIAKITE Oumar,20/12/2003,Cercle Brugge (BEL)
CIV,Côte D'Ivoire,15,FW,DIALLO Amad,11/07/2002,Manchester United FC (ENG)
CIV,Côte D'Ivoire,16,GK,KONE Mohamed,07/03/2002,Sporting Charleroi (BEL)
CIV,Côte D'Ivoire,17,DF,DOUE Guela,17/10/2002,RC Strasbourg (FRA)
CIV,Côte D'Ivoire,18,MF,SANGARE Ibrahim,02/12/1997,Nottingham Forest FC (ENG)
CIV,Côte D'Ivoire,19,FW,PEPE Nicolas,29/05/1995,Villarreal CF (ESP)
CIV,Côte D'Ivoire,20,DF,AGBADOU Emmanuel,17/06/1997,Beşiktaş JK (TUR)
CIV,Côte D'Ivoire,21,DF,NDICKA Evan,20/08/1999,AS Roma (ITA)
CIV,Côte D'Ivoire,22,FW,GUESSAND Evann,01/07/2001,Crystal Palace FC (ENG)
CIV,Côte D'Ivoire,23,GK,LAFONT Alban,23/01/1999,Panathinaikos FC (GRE)
CIV,Côte D'Ivoire,24,FW,TOURE Bazoumana,02/03/2006,TSG Hoffenheim (GER)
CIV,Côte D'Ivoire,25,MF,GUIAGON Parfait,22/02/2001,Sporting Charleroi (BEL)
CIV,Côte D'Ivoire,26,MF,OULAI Christ Inao,06/04/2006,Trabzonspor (TUR)
CRO,Croatia,1,GK,LIVAKOVIC Dominik,09/01/1995,GNK Dinamo Zagreb (CRO)
CRO,Croatia,2,DF,STANISIC Josip,02/04/2000,FC Bayern München (GER)
CRO,Croatia,3,DF,PONGRACIC Marin,11/09/1997,ACF Fiorentina (ITA)
CRO,Croatia,4,DF,GVARDIOL Josko,23/01/2002,Manchester City FC (ENG)
CRO,Croatia,5,DF,CALETA-CAR Duje,17/09/1996,Real Sociedad (ESP)
CRO,Croatia,6,DF,SUTALO Josip,28/02/2000,AFC Ajax (NED)
CRO,Croatia,7,MF,MORO Nikola,12/03/1998,Bologna FC (ITA)
CRO,Croatia,8,MF,KOVACIC Mateo,06/05/1994,Manchester City FC (ENG)
CRO,Croatia,9,FW,KRAMARIC Andrej,19/06/1991,TSG Hoffenheim (GER)
CRO,Croatia,10,MF,MODRIC Luka,09/09/1985,AC Milan (ITA)
CRO,Croatia,11,FW,BUDIMIR Ante,22/07/1991,CA Osasuna (ESP)
CRO,Croatia,12,GK,PANDUR Ivor,25/03/2000,Hull City FC (ENG)
CRO,Croatia,13,MF,VLASIC Nikola,04/10/1997,Torino FC (ITA)
CRO,Croatia,14,FW,PERISIC Ivan,02/02/1989,PSV Eindhoven (NED)
CRO,Croatia,15,MF,PASALIC Mario,09/02/1995,Atalanta Bergamo (ITA)
CRO,Croatia,16,MF,BATURINA Martin,16/02/2003,Como (ITA)
CRO,Croatia,17,MF,SUCIC Petar,25/10/2003,FC Internazionale Milano (ITA)
CRO,Croatia,18,DF,JAKIC Kristijan,14/05/1997,FC Augsburg (GER)
CRO,Croatia,19,MF,FRUK Toni,09/03/2001,HNK Rijeka (CRO)
CRO,Croatia,20,FW,MATANOVIC Igor,31/03/2003,SC Freiburg (GER)
CRO,Croatia,21,MF,SUCIC Luka,08/09/2002,Real Sociedad (ESP)
CRO,Croatia,22,DF,VUSKOVIC Luka,24/02/2007,Hamburger SV (GER)
CRO,Croatia,23,GK,KOTARSKI Dominik,10/02/2000,FC København (DEN)
CRO,Croatia,24,FW,PASALIC Marco,14/09/2000,Orlando City SC (USA)
CRO,Croatia,25,DF,ERLIC Martin,24/01/1998,FC Midtjylland (DEN)
CRO,Croatia,26,FW,MUSA Petar,04/03/1998,FC Dallas (USA)
CUW,Curaçao,1,GK,ROOM Eloy,06/02/1989,Miami FC (USA)
CUW,Curaçao,2,DF,SAMBO Shurandy,19/08/2001,Sparta Rotterdam (NED)
CUW,Curaçao,3,DF,GAARI Jurien,23/12/1993,Abha Club (KSA)
CUW,Curaçao,4,DF,VAN EIJMA Roshon,09/06/1998,RKC Waalwijk (NED)
CUW,Curaçao,5,DF,FLORANUS Sherel,23/08/1998,PEC Zwolle (NED)
CUW,Curaçao,6,MF,ROEMERATOE Godfried,19/08/1999,RKC Waalwijk (NED)
CUW,Curaçao,7,MF,BACUNA Juninho,07/08/1997,FC Volendam (NED)
CUW,Curaçao,8,MF,COMENENCIA Livano,03/02/2004,FC Zürich (SUI)
CUW,Curaçao,9,FW,LOCADIA Juergen,07/11/1993,Miami FC (USA)
CUW,Curaçao,10,MF,BACUNA Leandro,21/08/1991,Iğdır FK (TUR)
CUW,Curaçao,11,FW,ANTONISSE Jeremy,29/03/2002,AE Kifisia FC (GRE)
CUW,Curaçao,12,FW,HANSEN Sontje,18/05/2002,Middlesbrough FC (ENG)
CUW,Curaçao,13,FW,NOSLIN Tyrese,11/09/2002,SC Telstar (NED)
CUW,Curaçao,14,FW,GORRE Kenji,29/09/1994,Maccabi Haifa FC (ISR)
CUW,Curaçao,15,MF,MARTHA Arjany,04/09/2003,Rotherham United FC (ENG)
CUW,Curaçao,16,FW,MARGARITHA Jearl,10/04/2000,SK Beveren (BEL)
CUW,Curaçao,17,FW,KUWAS Brandley,19/09/1992,FC Volendam (NED)
CUW,Curaçao,18,DF,OBISPO Armando,05/03/1999,PSV Eindhoven (NED)
CUW,Curaçao,19,FW,KASTANEER Gervane,09/06/1996,Terengganu FC (MAS)
CUW,Curaçao,20,DF,BRENET Joshua,20/03/1994,Kayserispor (TUR)
CUW,Curaçao,21,MF,CHONG Tahith,04/12/1999,Sheffield United FC (ENG)
CUW,Curaçao,22,MF,FELIDA Kevin,11/11/1999,FC Den Bosch (NED)
CUW,Curaçao,23,DF,BAZOER Riechedly,12/10/1996,Konyaspor (TUR)
CUW,Curaçao,24,DF,FONVILLE Deveron,16/05/2003,NEC Nijmegen (NED)
CUW,Curaçao,25,GK,BODAK Tyrick,15/05/2002,SC Telstar (NED)
CUW,Curaçao,26,GK,DOORNBUSCH Trevor,06/07/1999,VVV Venlo (NED)
CZE,Czechia,1,GK,KOVAR Matej,17/05/2000,PSV Eindhoven (NED)
CZE,Czechia,2,DF,ZIMA David,08/11/2000,SK Slavia Praha (CZE)
CZE,Czechia,3,DF,HOLES Tomas,31/03/1993,SK Slavia Praha (CZE)
CZE,Czechia,4,DF,HRANAC Robin,29/01/2000,TSG Hoffenheim (GER)
CZE,Czechia,5,DF,COUFAL Vladimir,22/08/1992,TSG Hoffenheim (GER)
CZE,Czechia,6,DF,CHALOUPEK Stepan,08/03/2003,SK Slavia Praha (CZE)
CZE,Czechia,7,DF,KREJCI Ladislav,20/04/1999,Wolverhampton Wanderers FC (ENG)
CZE,Czechia,8,MF,DARIDA Vladimir,08/08/1990,FC Hradec Králové (CZE)
CZE,Czechia,9,FW,HLOZEK Adam,25/07/2002,TSG Hoffenheim (GER)
CZE,Czechia,10,FW,SCHICK Patrik,24/01/1996,Bayer 04 Leverkusen (GER)
CZE,Czechia,11,FW,KUCHTA Jan,08/01/1997,AC Sparta Praha (CZE)
CZE,Czechia,12,MF,CERV Lukas,10/04/2001,FC Viktoria Plzeň (CZE)
CZE,Czechia,13,FW,CHYTIL Mojmir,29/04/1999,SK Slavia Praha (CZE)
CZE,Czechia,14,DF,JURASEK David,07/08/2000,SK Slavia Praha (CZE)
CZE,Czechia,15,FW,SULC Pavel,29/12/2000,Olympique Lyonnais (FRA)
CZE,Czechia,16,GK,STANEK Jindrich,27/04/1996,SK Slavia Praha (CZE)
CZE,Czechia,17,MF,PROVOD Lukas,23/10/1996,SK Slavia Praha (CZE)
CZE,Czechia,18,MF,SADILEK Michal,31/05/1999,SK Slavia Praha (CZE)
CZE,Czechia,19,FW,CHORY Tomas,26/01/1995,SK Slavia Praha (CZE)
CZE,Czechia,20,DF,ZELENY Jaroslav,20/08/1992,AC Sparta Praha (CZE)
CZE,Czechia,21,DF,DOUDERA David,31/05/1998,SK Slavia Praha (CZE)
CZE,Czechia,22,MF,SOUCEK Tomas,27/02/1995,West Ham United FC (ENG)
CZE,Czechia,23,GK,HORNICEK Lukas,13/07/2002,SC Braga (POR)
CZE,Czechia,24,MF,SOJKA Alexandr,02/04/2003,FC Viktoria Plzeň (CZE)
CZE,Czechia,25,MF,SOCHUREK Hugo,07/06/2008,AC Sparta Praha (CZE)
CZE,Czechia,26,FW,VISINSKY Denis,21/03/2003,FC Viktoria Plzeň (CZE)
ECU,Ecuador,1,GK,GALINDEZ Hernan,30/03/1987,CA Huracán (ARG)
ECU,Ecuador,2,DF,TORRES Felix,11/01/1997,SC Internacional (BRA)
ECU,Ecuador,3,DF,HINCAPIE Piero,09/01/2002,Arsenal FC (ENG)
ECU,Ecuador,4,DF,ORDONEZ Joel,21/04/2004,Club Brugge (BEL)
ECU,Ecuador,5,MF,ALCIVAR Jordy,05/08/1999,Independiente Del Valle (ECU)
ECU,Ecuador,6,DF,PACHO Willian,16/10/2001,Paris Saint-Germain (FRA)
ECU,Ecuador,7,DF,ESTUPINAN Pervis,21/01/1998,AC Milan (ITA)
ECU,Ecuador,8,MF,VALENCIA Anthony,21/07/2003,Royal Antwerp FC (BEL)
ECU,Ecuador,9,FW,YEBOAH John,23/06/2000,Venezia FC (ITA)
ECU,Ecuador,10,MF,PAEZ Kendry,04/05/2007,CA River Plate (ARG)
ECU,Ecuador,11,FW,RODRIGUEZ Kevin,04/03/2000,Royale Union Saint-Gilloise (BEL)
ECU,Ecuador,12,GK,RAMIREZ Moises,09/09/2000,AE Kifisia FC (GRE)
ECU,Ecuador,13,FW,VALENCIA Enner,04/11/1989,CF Pachuca (MEX)
ECU,Ecuador,14,MF,MINDA Alan,14/05/2003,Atlético Mineiro (BRA)
ECU,Ecuador,15,MF,VITE Pedro,09/03/2002,Pumas UNAM (MEX)
ECU,Ecuador,16,FW,CAICEDO Jordy,18/11/1997,CA Huracán (ARG)
ECU,Ecuador,17,DF,PRECIADO Angelo,18/02/1998,Atlético Mineiro (BRA)
ECU,Ecuador,18,MF,CASTILLO Denil,24/03/2004,FC Midtjylland (DEN)
ECU,Ecuador,19,FW,PLATA Gonzalo,01/11/2000,CR Flamengo (BRA)
ECU,Ecuador,20,FW,ANGULO Nilson,19/06/2003,Sunderland AFC (ENG)
ECU,Ecuador,21,MF,FRANCO Alan,21/08/1998,Atlético Mineiro (BRA)
ECU,Ecuador,22,GK,VALLE Gonzalo,28/02/1996,LDU Quito (ECU)
ECU,Ecuador,23,MF,CAICEDO Moises,02/11/2001,Chelsea FC (ENG)
ECU,Ecuador,24,FW,AREVALO Jeremy,19/03/2005,VfB Stuttgart (GER)
ECU,Ecuador,25,DF,POROZO Jackson,04/08/2000,Club Tijuana (MEX)
ECU,Ecuador,26,DF,MEDINA Yaimar,05/11/2004,KRC Genk (BEL)
EGY,Egypt,1,GK,MOHAMED ELSHENAWY,18/12/1988,Al Ahly FC (EGY)
EGY,Egypt,2,DF,YASSER IBRAHIM,10/02/1993,Al Ahly FC (EGY)
EGY,Egypt,3,DF,MOHAMED HANY,02/02/1996,Al Ahly FC (EGY)
EGY,Egypt,4,DF,HOSSAM ABDELMAGUID,30/04/2001,Zamalek SC (EGY)
EGY,Egypt,5,DF,RAMY RABIA,20/05/1993,Al Ain FC (UAE)
EGY,Egypt,6,DF,MOHAMED ABDELMONEIM,01/02/1999,OGC Nice (FRA)
EGY,Egypt,7,FW,TREZEGUET,01/10/1994,Al Ahly FC (EGY)
EGY,Egypt,8,MF,EMAM ASHOUR,20/02/1998,Al Ahly FC (EGY)
EGY,Egypt,9,FW,HAMZA ABDELKARIM,01/01/2008,FC Barcelona (ESP)
EGY,Egypt,10,FW,MOHAMED SALAH,15/06/1992,Liverpool FC (ENG)
EGY,Egypt,11,MF,MOSTAFA ZICO,27/04/1997,Pyramids FC (EGY)
EGY,Egypt,12,FW,HAISSEM HASSAN,08/02/2002,Real Oviedo (ESP)
EGY,Egypt,13,DF,AHMED FATOUH,22/03/1998,Zamalek SC (EGY)
EGY,Egypt,14,MF,HAMDY FATHY,29/09/1994,Al Wakrah SC (QAT)
EGY,Egypt,15,DF,KARIM HAFEZ,12/03/1996,Pyramids FC (EGY)
EGY,Egypt,16,GK,MAHDY SOLIMAN,08/06/1987,Zamalek SC (EGY)
EGY,Egypt,17,MF,MOHANAD LASHIN,29/05/1996,Pyramids FC (EGY)
EGY,Egypt,18,MF,NABIL DONGA,06/04/1996,Al Najmah SC (KSA)
EGY,Egypt,19,MF,MARAWAN ATTIA,01/08/1998,Al Ahly FC (EGY)
EGY,Egypt,20,FW,IBRAHIM ADEL,23/04/2001,FC Nordsjælland (DEN)
EGY,Egypt,21,MF,MAHMOUD SABER,30/07/2001,ZED FC (EGY)
EGY,Egypt,22,FW,OMAR MARMOUSH,07/02/1999,Manchester City FC (ENG)
EGY,Egypt,23,GK,MOSTAFA SHOUBIR,15/05/2000,Al Ahly FC (EGY)
EGY,Egypt,24,DF,TAREK ALAA,05/01/2002,ZED FC (EGY)
EGY,Egypt,25,FW,ZIZO,10/01/1996,Al Ahly FC (EGY)
EGY,Egypt,26,GK,MOHAMED ALAA,01/01/1999,El Gouna FC (EGY)
ENG,England,1,GK,PICKFORD Jordan,07/03/1994,Everton FC (ENG)
ENG,England,2,DF,KONSA Ezri,23/10/1997,Aston Villa FC (ENG)
ENG,England,3,DF,OREILLY Nico,21/03/2005,Manchester City FC (ENG)
ENG,England,4,MF,RICE Declan,14/01/1999,Arsenal FC (ENG)
ENG,England,5,DF,STONES John,28/05/1994,Manchester City FC (ENG)
ENG,England,6,DF,GUEHI Marc,13/07/2000,Manchester City FC (ENG)
ENG,England,7,FW,SAKA Bukayo,05/09/2001,Arsenal FC (ENG)
ENG,England,8,MF,ANDERSON Elliot,06/11/2002,Nottingham Forest FC (ENG)
ENG,England,9,FW,KANE Harry,28/07/1993,FC Bayern München (GER)
ENG,England,10,MF,BELLINGHAM Jude,29/06/2003,Real Madrid C. F. (ESP)
ENG,England,11,FW,RASHFORD Marcus,31/10/1997,FC Barcelona (ESP)
ENG,England,12,DF,LIVRAMENTO Tino,12/11/2002,Newcastle United FC (ENG)
ENG,England,13,GK,HENDERSON Dean,12/03/1997,Crystal Palace FC (ENG)
ENG,England,14,MF,HENDERSON Jordan,17/06/1990,Brentford FC (ENG)
ENG,England,15,DF,BURN Dan,09/05/1992,Newcastle United FC (ENG)
ENG,England,16,MF,MAINOO Kobbie,19/04/2005,Manchester United FC (ENG)
ENG,England,17,MF,ROGERS Morgan,26/07/2002,Aston Villa FC (ENG)
ENG,England,18,FW,GORDON Anthony,24/02/2001,Newcastle United FC (ENG)
ENG,England,19,FW,WATKINS Ollie,30/12/1995,Aston Villa FC (ENG)
ENG,England,20,FW,MADUEKE Noni,10/03/2002,Arsenal FC (ENG)
ENG,England,21,MF,EZE Eberechi,29/06/1998,Arsenal FC (ENG)
ENG,England,22,FW,TONEY Ivan,16/03/1996,Al Ahli FC (KSA)
ENG,England,23,GK,TRAFFORD James,10/10/2002,Manchester City FC (ENG)
ENG,England,24,DF,JAMES Reece,08/12/1999,Chelsea FC (ENG)
ENG,England,25,DF,SPENCE Djed,09/08/2000,Tottenham Hotspur FC (ENG)
ENG,England,26,DF,QUANSAH Jarell,29/01/2003,Bayer 04 Leverkusen (GER)
FRA,France,1,GK,SAMBA Brice,25/04/1994,Stade Rennais FC (FRA)
FRA,France,2,DF,GUSTO Malo,19/05/2003,Chelsea FC (ENG)
FRA,France,3,DF,DIGNE Lucas,20/07/1993,Aston Villa FC (ENG)
FRA,France,4,DF,UPAMECANO Dayot,27/10/1998,FC Bayern München (GER)
FRA,France,5,DF,KOUNDE Jules,12/11/1998,FC Barcelona (ESP)
FRA,France,6,MF,KONE Manu,17/05/2001,AS Roma (ITA)
FRA,France,7,FW,DEMBELE Ousmane,15/05/1997,Paris Saint-Germain (FRA)
FRA,France,8,MF,TCHOUAMENI Aurelien,27/01/2000,Real Madrid C. F. (ESP)
FRA,France,9,FW,THURAM Marcus,06/08/1997,FC Internazionale Milano (ITA)
FRA,France,10,FW,MBAPPE Kylian,20/12/1998,Real Madrid C. F. (ESP)
FRA,France,11,FW,OLISE Michael,12/12/2001,FC Bayern München (GER)
FRA,France,12,FW,BARCOLA Bradley,02/09/2002,Paris Saint-Germain (FRA)
FRA,France,13,MF,KANTE Ngolo,29/03/1991,Fenerbahçe SK (TUR)
FRA,France,14,MF,RABIOT Adrien,03/04/1995,AC Milan (ITA)
FRA,France,15,DF,KONATE Ibrahima,25/05/1999,Liverpool FC (ENG)
FRA,France,16,GK,MAIGNAN Mike,03/07/1995,AC Milan (ITA)
FRA,France,17,DF,SALIBA William,24/03/2001,Arsenal FC (ENG)
FRA,France,18,MF,ZAIRE-EMERY Warren,08/03/2006,Paris Saint-Germain (FRA)
FRA,France,19,DF,HERNANDEZ Theo,06/10/1997,Al Hilal SC (KSA)
FRA,France,20,FW,DOUE Desire,03/06/2005,Paris Saint-Germain (FRA)
FRA,France,21,DF,HERNANDEZ Lucas,14/02/1996,Paris Saint-Germain (FRA)
FRA,France,22,FW,MATETA Jean-Philippe,28/06/1997,Crystal Palace FC (ENG)
FRA,France,23,GK,RISSER Robin,02/12/2004,RC Lens (FRA)
FRA,France,24,MF,CHERKI Rayan,17/08/2003,Manchester City FC (ENG)
FRA,France,25,MF,AKLIOUCHE Maghnes,25/02/2002,AS Monaco (FRA)
FRA,France,26,DF,LACROIX Maxence,06/04/2000,Crystal Palace FC (ENG)
GER,Germany,1,GK,NEUER Manuel,27/03/1986,FC Bayern München (GER)
GER,Germany,2,DF,RUEDIGER Antonio,03/03/1993,Real Madrid C. F. (ESP)
GER,Germany,3,DF,ANTON Waldemar,20/07/1996,Borussia Dortmund (GER)
GER,Germany,4,DF,TAH Jonathan,11/02/1996,FC Bayern München (GER)
GER,Germany,5,MF,PAVLOVIC Aleksandar,03/05/2004,FC Bayern München (GER)
GER,Germany,6,DF,KIMMICH Joshua,08/02/1995,FC Bayern München (GER)
GER,Germany,7,FW,HAVERTZ Kai,11/06/1999,Arsenal FC (ENG)
GER,Germany,8,MF,GORETZKA Leon,06/02/1995,FC Bayern München (GER)
GER,Germany,9,MF,LEWELING Jamie,26/02/2001,VfB Stuttgart (GER)
GER,Germany,10,MF,MUSIALA Jamal,26/02/2003,FC Bayern München (GER)
GER,Germany,11,FW,WOLTEMADE Nick,14/02/2002,Newcastle United FC (ENG)
GER,Germany,12,GK,BAUMANN Oliver,02/06/1990,TSG Hoffenheim (GER)
GER,Germany,13,MF,GROSS Pascal,15/06/1991,Brighton & Hove Albion FC (ENG)
GER,Germany,14,FW,BEIER Maximilian,17/10/2002,Borussia Dortmund (GER)
GER,Germany,15,DF,SCHLOTTERBECK Nico,01/12/1999,Borussia Dortmund (GER)
GER,Germany,16,MF,STILLER Angelo,04/04/2001,VfB Stuttgart (GER)
GER,Germany,17,MF,WIRTZ Florian,03/05/2003,Liverpool FC (ENG)
GER,Germany,18,DF,BROWN Nathaniel,16/06/2003,Eintracht Frankfurt (GER)
GER,Germany,19,MF,SANE Leroy,11/01/1996,Galatasaray SK (TUR)
GER,Germany,20,MF,AMIRI Nadiem,27/10/1996,1. FSV Mainz 05 (GER)
GER,Germany,21,GK,NUEBEL Alexander,30/09/1996,VfB Stuttgart (GER)
GER,Germany,22,DF,RAUM David,22/04/1998,RB Leipzig (GER)
GER,Germany,23,MF,NMECHA Felix,10/10/2000,Borussia Dortmund (GER)
GER,Germany,24,DF,THIAW Malick,08/08/2001,Newcastle United FC (ENG)
GER,Germany,25,MF,OUEDRAOGO Assan,09/05/2006,RB Leipzig (GER)
GER,Germany,26,FW,UNDAV Deniz,19/07/1996,VfB Stuttgart (GER)
GHA,Ghana,1,GK,ZIGI Lawrence Ati,29/11/1996,FC St. Gallen (SUI)
GHA,Ghana,2,DF,SEIDU Alidu,04/06/2000,Stade Rennais FC (FRA)
GHA,Ghana,3,MF,YIRENKYI Caleb,15/01/2006,FC Nordsjælland (DEN)
GHA,Ghana,4,DF,ADJETEY Jonas,13/12/2003,VfL Wolfsburg (GER)
GHA,Ghana,5,MF,PARTEY Thomas,13/06/1993,Villarreal CF (ESP)
GHA,Ghana,6,DF,MUMIN Abdul,06/06/1998,Rayo Vallecano (ESP)
GHA,Ghana,7,FW,FATAWU Abdul,08/03/2004,Leicester City FC (ENG)
GHA,Ghana,8,MF,SIBO Kwasi,24/06/1998,Real Oviedo (ESP)
GHA,Ghana,9,FW,AYEW Jordan,11/09/1991,Leicester City FC (ENG)
GHA,Ghana,10,FW,THOMAS-ASANTE Brandon,29/12/1998,Coventry City FC (ENG)
GHA,Ghana,11,MF,SEMENYO Antoine,07/01/2000,Manchester City FC (ENG)
GHA,Ghana,12,GK,ANANG Joseph,08/06/2000,St Patrick's Athletic FC (IRL)
GHA,Ghana,13,FW,BAAH Christopher Bonsu,14/12/2004,Al Qadsiah FC (KSA)
GHA,Ghana,14,DF,MENSAH Gideon,18/07/1998,AJ Auxerre (FRA)
GHA,Ghana,15,MF,OWUSU Elisha,07/11/1997,AJ Auxerre (FRA)
GHA,Ghana,16,GK,ASARE Benjamin,13/07/1992,Hearts Of Oak SC (GHA)
GHA,Ghana,17,DF,RAHMAN Baba,02/07/1994,PAOK Saloniki (GRE)
GHA,Ghana,18,DF,OPOKU Jerome,14/10/1998,Başakşehir FK (TUR)
GHA,Ghana,19,FW,WILLIAMS Inaki,15/06/1994,Athletic Club (ESP)
GHA,Ghana,20,MF,BOAKYE Augustine,03/11/2000,AS Saint-Etienne (FRA)
GHA,Ghana,21,DF,OPPONG Kojo Peprah,04/06/2004,OGC Nice (FRA)
GHA,Ghana,22,FW,SULEMANA Kamaldeen,15/02/2002,Atalanta Bergamo (ITA)
GHA,Ghana,23,DF,LUCKASSEN Derrick,03/07/1995,Pafos FC (CYP)
GHA,Ghana,24,FW,NUAMAH Ernest,01/11/2003,Olympique Lyonnais (FRA)
GHA,Ghana,25,FW,ADU Prince,23/09/2003,FC Viktoria Plzeň (CZE)
GHA,Ghana,26,DF,SENAYA Marvin,28/01/2001,AJ Auxerre (FRA)
HAI,Haiti,1,GK,PLACIDE Johny,29/01/1988,SC Bastia (FRA)
HAI,Haiti,2,DF,ARCUS Carlens,28/06/1996,Angers SCO (FRA)
HAI,Haiti,3,DF,THERMONCY Keeto,29/03/2006,BSC Young Boys (SUI)
HAI,Haiti,4,DF,ADE Ricardo,21/05/1990,LDU Quito (ECU)
HAI,Haiti,5,DF,DELCROIX Hannes,28/02/1999,FC Lugano (SUI)
HAI,Haiti,6,MF,SAINTE Carl,09/08/2002,El Paso Locomotive FC (USA)
HAI,Haiti,7,FW,ETIENNE Derrick,25/11/1996,Toronto FC (CAN)
HAI,Haiti,8,DF,EXPERIENCE Martin,09/03/1999,AS Nancy (FRA)
HAI,Haiti,9,FW,NAZON Duckens,07/04/1994,Esteghlal Tehran FC (IRN)
HAI,Haiti,10,MF,BELLEGARDE Jean-Ricner,27/06/1998,Wolverhampton Wanderers FC (ENG)
HAI,Haiti,11,FW,DEEDSON Louicius,11/02/2001,FC Dallas (USA)
HAI,Haiti,12,GK,PIERRE Alexandre,25/02/2001,FC Sochaux-Montbéliard (FRA)
HAI,Haiti,13,DF,LACROIX Markhus,14/10/1993,Colorado Springs Switchbacks FC (USA)
HAI,Haiti,14,DF,METUSALA Garven,31/12/1999,Colorado Springs Switchbacks FC (USA)
HAI,Haiti,15,FW,PROVIDENCE Ruben,07/07/2001,Almere City FC (NED)
HAI,Haiti,16,FW,JOSEPH Lenny,12/10/2000,Ferencvárosi TC (HUN)
HAI,Haiti,17,MF,JEAN JACQUES Danley,20/05/2000,Philadelphia Union (USA)
HAI,Haiti,18,FW,ISIDOR Wilson,27/08/2000,Sunderland AFC (ENG)
HAI,Haiti,19,FW,FORTUNE Yassin,30/01/1999,FC Vizela (POR)
HAI,Haiti,20,FW,PIERROT Frantzdy,29/03/1995,Çaykur Rizespor (TUR)
HAI,Haiti,21,FW,CASIMIR Josue,24/09/2001,AJ Auxerre (FRA)
HAI,Haiti,22,DF,DUVERNE Jean-Kevin,12/07/1997,KAA Gent (BEL)
HAI,Haiti,23,GK,DUVERGER Josue,27/04/2000,FC Cosmos Koblenz (GER)
HAI,Haiti,24,DF,PAUGAIN Wilguens,24/08/2001,SV Zulte Waregem (BEL)
HAI,Haiti,25,MF,SIMON Dominique,29/07/2000,FC Tatran Prešov (SVK)
HAI,Haiti,26,MF,PIERRE Woodensky,30/12/2004,Violette AC (HAI)
IRN,IR Iran,1,GK,BEIRANVAND Alireza,21/09/1992,Tractor Sazi Tabriz FC (IRN)
IRN,IR Iran,2,DF,HARDANI Saleh,26/12/1998,Esteghlal Tehran FC (IRN)
IRN,IR Iran,3,DF,HAJISAFI Ehsan,25/02/1990,Sepahan SC (IRN)
IRN,IR Iran,4,DF,KHALILZADEH Shoja,14/05/1989,Tractor Sazi Tabriz FC (IRN)
IRN,IR Iran,5,DF,MOHAMMADI Milad,29/09/1993,Persepolis FC (IRN)
IRN,IR Iran,6,MF,EZATOLAHI Saeid,01/10/1996,Shabab Al Ahli Club (UAE)
IRN,IR Iran,7,MF,JAHANBAKHSH Alireza,11/08/1993,FCV Dender EH (BEL)
IRN,IR Iran,8,MF,MOHEBBI Mohammad,20/12/1998,FC Rostov (RUS)
IRN,IR Iran,9,FW,TAREMI Mehdi,18/07/1992,Olympiacos FC (GRE)
IRN,IR Iran,10,FW,GHAYEDI Mehdi,05/12/1998,Al Nasr SC (UAE)
IRN,IR Iran,11,FW,ALIPOUR Ali,11/11/1995,Persepolis FC (IRN)
IRN,IR Iran,12,GK,NIAZMAND Payam,06/04/1995,Persepolis FC (IRN)
IRN,IR Iran,13,DF,KANANI Hossein,23/03/1994,Persepolis FC (IRN)
IRN,IR Iran,14,MF,GHODDOS Saman,06/09/1993,Al Ittihad Kalba SCC (UAE)
IRN,IR Iran,15,MF,CHESHMI Roozbeh,24/07/1993,Esteghlal Tehran FC (IRN)
IRN,IR Iran,16,MF,TORABI Mehdi,10/09/1994,Tractor Sazi Tabriz FC (IRN)
IRN,IR Iran,17,DF,YOUSEFI Arya,22/04/2002,Sepahan SC (IRN)
IRN,IR Iran,18,FW,HOSSEINZADEH Amirhossein,30/10/2000,Tractor Sazi Tabriz FC (IRN)
IRN,IR Iran,19,DF,NEMATI Ali,08/02/1996,Foolad Khuzestan FC (IRN)
IRN,IR Iran,20,FW,MOGHANLOO Shahriyar,21/12/1994,Al Ittihad Kalba SCC (UAE)
IRN,IR Iran,21,MF,GHORBANI Mohammad,07/10/2001,Al Wahda SC (UAE)
IRN,IR Iran,22,GK,HOSSEINI Hossein,30/06/1992,Sepahan SC (IRN)
IRN,IR Iran,23,DF,REZAEIAN Ramin,21/03/1990,Foolad Khuzestan FC (IRN)
IRN,IR Iran,24,FW,DARGAHI Dennis,09/01/1997,Standard Liège (BEL)
IRN,IR Iran,25,DF,IRI Danial,26/10/2003,Malavan Anzali FC (IRN)
IRN,IR Iran,26,MF,RAZAGHINIA Amirmohammad,11/04/2006,Esteghlal Tehran FC (IRN)
IRQ,Iraq,1,GK,FAHAD TALIB,21/10/1994,Al Talaba SC (IRQ)
IRQ,Iraq,2,DF,REBIN SULAKA,12/04/1992,Port FC (THA)
IRQ,Iraq,3,DF,HUSSEIN ALI,01/03/2002,Pogoń Szczecin (POL)
IRQ,Iraq,4,DF,ZAID TAHSEEN,29/01/2001,Pakhtakor Tashkent FK (UZB)
IRQ,Iraq,5,DF,AKAM HASHIM,16/08/1998,Al Zawra'a SC (IRQ)
IRQ,Iraq,6,DF,MUNAF YOUNUS,16/11/1996,Al Shorta SC (IRQ)
IRQ,Iraq,7,MF,YOUSSEF AMYN,21/08/2003,AEK Larnaca FC (CYP)
IRQ,Iraq,8,MF,IBRAHIM BAYESH,01/05/2000,Al Dhafra SCC (UAE)
IRQ,Iraq,9,FW,ALI ALHAMADI,01/03/2002,Luton Town FC (ENG)
IRQ,Iraq,10,FW,MOHANAD ALI,20/06/2000,Dibba FC (UAE)
IRQ,Iraq,11,FW,AHMED QASEM,12/07/2003,Nashville SC (USA)
IRQ,Iraq,12,GK,JALAL HASSAN,18/05/1991,Al Zawra'a SC (IRQ)
IRQ,Iraq,13,FW,ALI YOUSIF,19/01/1996,Al Talaba SC (IRQ)
IRQ,Iraq,14,MF,ZIDANE IQBAL,27/04/2003,FC Utrecht (NED)
IRQ,Iraq,15,DF,AHMED MAKNAZI,24/09/2001,Al Karma SC (IRQ)
IRQ,Iraq,16,MF,AMIR ALAMMARI,27/07/1997,KS Cracovia (POL)
IRQ,Iraq,17,FW,ALI JASIM,20/01/2004,Al Najmah SC (KSA)
IRQ,Iraq,18,FW,AYMEN HUSSEIN,22/03/1996,Al Karma SC (IRQ)
IRQ,Iraq,19,MF,KEVIN YAKOB,10/10/2000,Aarhus GF (DEN)
IRQ,Iraq,20,MF,AIMAR SHER,20/12/2002,Sarpsborg 08 FF (NOR)
IRQ,Iraq,21,FW,MARKO FARJI,16/03/2004,Venezia FC (ITA)
IRQ,Iraq,22,GK,AHMED BASIL,19/08/1996,Al Shorta SC (IRQ)
IRQ,Iraq,23,DF,MERCHAS DOSKI,07/12/1999,FC Viktoria Plzeň (CZE)
IRQ,Iraq,24,MF,ZAID ISMAEL,03/01/2002,Al Talaba SC (IRQ)
IRQ,Iraq,25,DF,MUSTAFA SAADOON,25/05/2001,Al Shorta SC (IRQ)
IRQ,Iraq,26,DF,FRANS PUTROS,14/07/1993,Persib Bandung (IDN)
JPN,Japan,1,GK,SUZUKI Zion,21/08/2002,Parma (ITA)
JPN,Japan,2,DF,SUGAWARA Yukinari,28/06/2000,SV Werder Bremen (GER)
JPN,Japan,3,DF,TANIGUCHI Shogo,15/07/1991,Sint-Truiden VV (BEL)
JPN,Japan,4,DF,ITAKURA Kou,27/01/1997,AFC Ajax (NED)
JPN,Japan,5,DF,NAGATOMO Yuto,12/09/1986,FC Tokyo (JPN)
JPN,Japan,6,FW,MACHINO Shuto,30/09/1999,Borussia Mönchengladbach (GER)
JPN,Japan,7,MF,TANAKA Ao,10/09/1998,Leeds United FC (ENG)
JPN,Japan,8,MF,KUBO Takefusa,04/06/2001,Real Sociedad (ESP)
JPN,Japan,9,FW,GOTO Keisuke,03/06/2005,Sint-Truiden VV (BEL)
JPN,Japan,10,MF,DOAN Ritsu,16/06/1998,Eintracht Frankfurt (GER)
JPN,Japan,11,MF,MAEDA Daizen,20/10/1997,Celtic FC (SCO)
JPN,Japan,12,GK,OSAKO Keisuke,28/07/1999,Sanfrecce Hiroshima (JPN)
JPN,Japan,13,MF,NAKAMURA Keito,28/07/2000,Stade Reims (FRA)
JPN,Japan,14,MF,ITO Junya,09/03/1993,KRC Genk (BEL)
JPN,Japan,15,MF,KAMADA Daichi,05/08/1996,Crystal Palace FC (ENG)
JPN,Japan,16,DF,WATANABE Tsuyoshi,05/02/1997,Feyenoord Rotterdam (NED)
JPN,Japan,17,MF,SUZUKI Yuito,25/10/2001,SC Freiburg (GER)
JPN,Japan,18,FW,UEDA Ayase,28/08/1998,Feyenoord Rotterdam (NED)
JPN,Japan,19,FW,OGAWA Koki,08/08/1997,NEC Nijmegen (NED)
JPN,Japan,20,DF,SEKO Ayumu,07/06/2000,Le Havre AC (FRA)
JPN,Japan,21,DF,ITO Hiroki,12/05/1999,FC Bayern München (GER)
JPN,Japan,22,DF,TOMIYASU Takehiro,05/11/1998,AFC Ajax (NED)
JPN,Japan,23,GK,HAYAKAWA Tomoki,03/03/1999,Kashima Antlers (JPN)
JPN,Japan,24,MF,SANO Kaishu,30/12/2000,1. FSV Mainz 05 (GER)
JPN,Japan,25,DF,SUZUKI Junnosuke,12/07/2003,FC København (DEN)
JPN,Japan,26,FW,SHIOGAI Kento,26/03/2005,VfL Wolfsburg (GER)
JOR,Jordan,1,GK,YAZEED ABULAILA,08/01/1993,Al Hussein SC (JOR)
JOR,Jordan,2,DF,MOHAMMAD ABUHASHEESH,09/05/1995,Al Karma SC (IRQ)
JOR,Jordan,3,DF,ABDALLAH NASIB,25/02/1994,Al Zawra'a SC (IRQ)
JOR,Jordan,4,DF,HUSAM ABUDAHAB,13/05/2000,Al Faisaly SC (JOR)
JOR,Jordan,5,DF,YAZAN ALARAB,31/01/1996,FC Seoul (KOR)
JOR,Jordan,6,MF,AMER JAMOUS,03/07/2002,Al Zawra'a SC (IRQ)
JOR,Jordan,7,FW,MOHAMMAD ABUZRAIQ,30/12/1997,Raja Casablanca (MAR)
JOR,Jordan,8,MF,NOOR ALRAWABDEH,24/02/1997,Selangor FC (MAS)
JOR,Jordan,9,FW,ALI OLWAN,26/03/2000,Al Sailiya SC (QAT)
JOR,Jordan,10,FW,MOUSA ALTAMARI,10/06/1997,Stade Rennais FC (FRA)
JOR,Jordan,11,FW,ODEH FAKHOURY,22/11/2005,Pyramids FC (EGY)
JOR,Jordan,12,GK,NOUR BANIATEYAH,25/01/1993,Al Faisaly SC (JOR)
JOR,Jordan,13,FW,MAHMOUD ALMARDI,06/10/1993,Al Hussein SC (JOR)
JOR,Jordan,14,MF,RAJAEI AYED,25/07/1993,Al Hussein SC (JOR)
JOR,Jordan,15,MF,IBRAHIM SADEH,27/04/2000,Al Karma SC (IRQ)
JOR,Jordan,16,DF,MOHAMMAD ABUALNADI,08/02/2001,Selangor FC (MAS)
JOR,Jordan,17,DF,SALEEM OBAID,17/01/1992,Al Hussein SC (JOR)
JOR,Jordan,18,MF,MOHAMMAD ABUGHOUSH,13/07/2005,Al Hussein SC (JOR)
JOR,Jordan,19,DF,SAED ALROSAN,01/02/1997,Al Hussein SC (JOR)
JOR,Jordan,20,MF,MOHANNAD ABUTAHA,02/02/2003,Al-Quwa Al-Jawiya (IRQ)
JOR,Jordan,21,MF,NIZAR ALRASHDAN,23/03/1999,Qatar SC (QAT)
JOR,Jordan,22,GK,ABDALLAH ALFAKHORI,22/01/2000,Al Wahdat SC (JOR)
JOR,Jordan,23,DF,EHSAN HADDAD,05/02/1994,Al Hussein SC (JOR)
JOR,Jordan,24,FW,ALI AZAIZEH,13/04/2004,Al Shabab FC (KSA)
JOR,Jordan,25,MF,MOHAMMAD ALDAOUD,12/04/1992,Al Wahdat SC (JOR)
JOR,Jordan,26,DF,ANAS BADAWI,13/09/1997,Al Faisaly SC (JOR)
KOR,Korea Republic,1,GK,KIM Seunggyu,30/09/1990,FC Tokyo (JPN)
KOR,Korea Republic,2,DF,LEE Hanbeom,17/06/2002,FC Midtjylland (DEN)
KOR,Korea Republic,3,MF,LEE Gihyuk,07/07/2000,Gangwon FC (KOR)
KOR,Korea Republic,4,DF,KIM Minjae,15/11/1996,FC Bayern München (GER)
KOR,Korea Republic,5,DF,KIM Taehyeon,17/09/2000,Kashima Antlers (JPN)
KOR,Korea Republic,6,MF,HWANG Inbeom,20/09/1996,Feyenoord Rotterdam (NED)
KOR,Korea Republic,7,FW,SON Heungmin,08/07/1992,LAFC (USA)
KOR,Korea Republic,8,MF,PAIK Seungho,17/03/1997,Birmingham City FC (ENG)
KOR,Korea Republic,9,FW,CHO Guesung,25/01/1998,FC Midtjylland (DEN)
KOR,Korea Republic,10,MF,LEE Jaesung,10/08/1992,1. FSV Mainz 05 (GER)
KOR,Korea Republic,11,MF,HWANG Heechan,26/01/1996,Wolverhampton Wanderers FC (ENG)
KOR,Korea Republic,12,GK,SONG Bumkeun,15/10/1997,Jeonbuk Hyundai Motors FC (KOR)
KOR,Korea Republic,13,DF,LEE Taeseok,28/07/2002,FK Austria Wien (AUT)
KOR,Korea Republic,14,DF,CHO Wije,25/08/2001,Jeonbuk Hyundai Motors FC (KOR)
KOR,Korea Republic,15,DF,KIM Moonhwan,01/08/1995,Daejeon Hana Citizen FC (KOR)
KOR,Korea Republic,16,DF,PARK Jinseob,23/10/1995,Zhejiang FC (CHN)
KOR,Korea Republic,17,MF,BAE Junho,21/08/2003,Stoke City FC (ENG)
KOR,Korea Republic,18,FW,OH Hyeongyu,12/04/2001,Beşiktaş JK (TUR)
KOR,Korea Republic,19,MF,LEE Kangin,19/02/2001,Paris Saint-Germain (FRA)
KOR,Korea Republic,20,MF,YANG Hyunjun,25/05/2002,Celtic FC (SCO)
KOR,Korea Republic,21,GK,JO Hyeonwoo,25/09/1991,Ulsan HD (KOR)
KOR,Korea Republic,22,DF,SEOL Youngwoo,05/12/1998,FK Crvena Zvezda (SRB)
KOR,Korea Republic,23,DF,CASTROP Jens,29/07/2003,Borussia Mönchengladbach (GER)
KOR,Korea Republic,24,MF,KIM Jingyu,24/02/1997,Jeonbuk Hyundai Motors FC (KOR)
KOR,Korea Republic,25,MF,EOM Jisung,09/05/2002,Swansea City AFC (WAL)
KOR,Korea Republic,26,MF,LEE Donggyeong,20/09/1997,Ulsan HD (KOR)
MEX,Mexico,1,GK,RANGEL Raul,25/02/2000,CD Guadalajara (MEX)
MEX,Mexico,2,DF,SANCHEZ Jorge,10/12/1997,PAOK Saloniki (GRE)
MEX,Mexico,3,DF,MONTES Cesar,24/02/1997,FC Lokomotiv Moscow (RUS)
MEX,Mexico,4,DF,ALVAREZ Edson,24/10/1997,Fenerbahçe SK (TUR)
MEX,Mexico,5,DF,VASQUEZ Johan,22/10/1998,Genoa CFC (ITA)
MEX,Mexico,6,MF,LIRA Erik,08/05/2000,CF Cruz Azul (MEX)
MEX,Mexico,7,MF,ROMO Luis,05/06/1995,CD Guadalajara (MEX)
MEX,Mexico,8,MF,FIDALGO Alvaro,09/04/1997,Real Betis (ESP)
MEX,Mexico,9,FW,JIMENEZ Raul,05/05/1991,Fulham FC (ENG)
MEX,Mexico,10,FW,VEGA Alexis,25/11/1997,Deportivo Toluca FC (MEX)
MEX,Mexico,11,FW,GIMENEZ Santiago,18/04/2001,AC Milan (ITA)
MEX,Mexico,12,GK,ACEVEDO Carlos,19/04/1996,Club Santos Laguna (MEX)
MEX,Mexico,13,GK,OCHOA Guillermo,13/07/1985,AEL Limassol (CYP)
MEX,Mexico,14,FW,GONZALEZ Armando,20/04/2003,CD Guadalajara (MEX)
MEX,Mexico,15,DF,REYES Israel,23/05/2000,Club América (MEX)
MEX,Mexico,16,FW,QUINONES Julian,24/03/1997,Al Qadsiah FC (KSA)
MEX,Mexico,17,MF,PINEDA Orbelin,24/03/1996,AEK Athens (GRE)
MEX,Mexico,18,MF,VARGAS Obed,05/08/2005,Atlético De Madrid (ESP)
MEX,Mexico,19,MF,MORA Gilberto,14/10/2008,Club Tijuana (MEX)
MEX,Mexico,20,DF,CHAVEZ Mateo,12/05/2004,AZ Alkmaar (NED)
MEX,Mexico,21,FW,HUERTA Cesar,03/12/2000,RSC Anderlecht (BEL)
MEX,Mexico,22,FW,MARTINEZ Guillermo,15/03/1995,Pumas UNAM (MEX)
MEX,Mexico,23,DF,GALLARDO Jesus,15/08/1994,Deportivo Toluca FC (MEX)
MEX,Mexico,24,MF,CHAVEZ Luis,15/01/1996,FC Dynamo Moscow (RUS)
MEX,Mexico,25,FW,ALVARADO Roberto,07/09/1998,CD Guadalajara (MEX)
MEX,Mexico,26,MF,GUTIERREZ Brian,17/06/2003,CD Guadalajara (MEX)
MAR,Morocco,1,GK,BOUNOU Yassine,05/04/1991,Al Hilal SC (KSA)
MAR,Morocco,2,DF,HAKIMI Achraf,04/11/1998,Paris Saint-Germain (FRA)
MAR,Morocco,3,DF,MAZRAOUI Noussair,14/11/1997,Manchester United FC (ENG)
MAR,Morocco,4,MF,AMRABAT Sofyan,21/08/1996,Real Betis (ESP)
MAR,Morocco,5,DF,SAADANE Marwane,17/01/1992,Al Fateh SC (KSA)
MAR,Morocco,6,MF,BOUADDI Ayyoub,02/10/2007,Lille OSC (FRA)
MAR,Morocco,7,MF,TALBI Chemsdine,09/05/2005,Sunderland AFC (ENG)
MAR,Morocco,8,MF,OUNAHI Azzedine,19/04/2000,Girona FC (ESP)
MAR,Morocco,9,FW,RAHIMI Soufiane,02/06/1996,Al Ain FC (UAE)
MAR,Morocco,10,FW,DIAZ Brahim,03/08/1999,Real Madrid C. F. (ESP)
MAR,Morocco,11,MF,SAIBARI Ismael,28/01/2001,PSV Eindhoven (NED)
MAR,Morocco,12,GK,EL KAJOUI Munir,10/05/1989,RS Berkane (MAR)
MAR,Morocco,13,DF,EL OUAHDI Zakaria,31/12/2001,KRC Genk (BEL)
MAR,Morocco,14,DF,DIOP Issa,09/01/1997,Fulham FC (ENG)
MAR,Morocco,15,MF,EL MOURABET Samir,06/10/2005,RC Strasbourg (FRA)
MAR,Morocco,16,MF,YASSINE Gessime,22/11/2005,RC Strasbourg (FRA)
MAR,Morocco,17,FW,SBAI Amine,05/11/2000,Angers SCO (FRA)
MAR,Morocco,18,DF,RIAD Chadi,17/06/2003,Crystal Palace FC (ENG)
MAR,Morocco,19,DF,BELAMMARI Youssef,20/09/1998,Al Ahly FC (EGY)
MAR,Morocco,20,FW,EL KAABI Ayoub,25/06/1993,Olympiacos FC (GRE)
MAR,Morocco,21,FW,AMAIMOUNI Ayoube,30/11/2004,Eintracht Frankfurt (GER)
MAR,Morocco,22,GK,TAGNAOUTI Ahmed Reda,05/04/1996,ASFAR (MAR)
MAR,Morocco,23,MF,EL KHANNOUSS Bilal,10/05/2004,VfB Stuttgart (GER)
MAR,Morocco,24,MF,EL AYNAOUI Neil,02/07/2001,AS Roma (ITA)
MAR,Morocco,25,DF,HALHAL Redouane,05/03/2003,KV Mechelen (BEL)
MAR,Morocco,26,DF,SALAH EDDINE Anass,18/01/2002,PSV Eindhoven (NED)
NED,Netherlands,1,GK,VERBRUGGEN Bart,18/08/2002,Brighton & Hove Albion FC (ENG)
NED,Netherlands,2,DF,GEERTRUIDA Lutsharel,18/07/2000,Sunderland AFC (ENG)
NED,Netherlands,3,MF,DE ROON Marten,29/03/1991,Atalanta Bergamo (ITA)
NED,Netherlands,4,DF,VAN DIJK Virgil,08/07/1991,Liverpool FC (ENG)
NED,Netherlands,5,DF,AKE Nathan,18/02/1995,Manchester City FC (ENG)
NED,Netherlands,6,DF,VAN HECKE Jan Paul,08/06/2000,Brighton & Hove Albion FC (ENG)
NED,Netherlands,7,MF,KLUIVERT Justin,05/05/1999,AFC Bournemouth (ENG)
NED,Netherlands,8,MF,GRAVENBERCH Ryan,16/05/2002,Liverpool FC (ENG)
NED,Netherlands,9,FW,WEGHORST Wout,07/08/1992,AFC Ajax (NED)
NED,Netherlands,10,FW,DEPAY Memphis,13/02/1994,SC Corinthians (BRA)
NED,Netherlands,11,FW,GAKPO Cody,07/05/1999,Liverpool FC (ENG)
NED,Netherlands,12,DF,WIEFFER Mats,16/11/1999,Brighton & Hove Albion FC (ENG)
NED,Netherlands,13,GK,ROEFS Robin,17/01/2003,Sunderland AFC (ENG)
NED,Netherlands,14,MF,REIJNDERS Tijjani,29/07/1998,Manchester City FC (ENG)
NED,Netherlands,15,DF,VAN DE VEN Micky,19/04/2001,Tottenham Hotspur FC (ENG)
NED,Netherlands,16,MF,TIL Guus,22/12/1997,PSV Eindhoven (NED)
NED,Netherlands,17,FW,LANG Noa,17/06/1999,Galatasaray SK (TUR)
NED,Netherlands,18,FW,MALEN Donyell,19/01/1999,AS Roma (ITA)
NED,Netherlands,19,FW,BROBBEY Brian,01/02/2002,Sunderland AFC (ENG)
NED,Netherlands,20,MF,KOOPMEINERS Teun,28/02/1998,Juventus FC (ITA)
NED,Netherlands,21,MF,DE JONG Frenkie,12/05/1997,FC Barcelona (ESP)
NED,Netherlands,22,DF,DUMFRIES Denzel,18/04/1996,FC Internazionale Milano (ITA)
NED,Netherlands,23,GK,FLEKKEN Mark,13/06/1993,Bayer 04 Leverkusen (GER)
NED,Netherlands,24,FW,SUMMERVILLE Crysencio,30/10/2001,West Ham United FC (ENG)
NED,Netherlands,25,DF,HATO Jorrel,07/03/2006,Chelsea FC (ENG)
NED,Netherlands,26,MF,TIMBER Quinten,17/06/2001,Olympique Marseille (FRA)
NZL,New Zealand,1,GK,CROCOMBE Max,12/08/1993,Millwall FC (ENG)
NZL,New Zealand,2,DF,PAYNE Tim,10/01/1994,Wellington Phoenix FC (NZL)
NZL,New Zealand,3,DF,DE VRIES Francis,28/11/1994,Auckland FC (NZL)
NZL,New Zealand,4,DF,BINDON Tyler,27/01/2005,Sheffield United FC (ENG)
NZL,New Zealand,5,DF,BOXALL Michael,18/08/1988,Minnesota United FC (USA)
NZL,New Zealand,6,MF,BELL Joe,27/04/1999,Viking Stavanger (NOR)
NZL,New Zealand,7,MF,GARBETT Matthew,13/04/2002,Peterborough United FC (ENG)
NZL,New Zealand,8,MF,STAMENIC Marko,19/02/2002,Swansea City AFC (WAL)
NZL,New Zealand,9,FW,WOOD Chris,07/12/1991,Nottingham Forest FC (ENG)
NZL,New Zealand,10,MF,SINGH Sarpreet,20/02/1999,Wellington Phoenix FC (NZL)
NZL,New Zealand,11,MF,JUST Elijah,01/05/2000,Motherwell FC (SCO)
NZL,New Zealand,12,GK,PAULSEN Alex,04/07/2002,Lechia Gdańsk (POL)
NZL,New Zealand,13,DF,CACACE Liberato,27/09/2000,Wrexham AFC (WAL)
NZL,New Zealand,14,MF,RUFER Alex,12/06/1996,Wellington Phoenix FC (NZL)
NZL,New Zealand,15,DF,PIJNAKER Nando,25/02/1999,Auckland FC (NZL)
NZL,New Zealand,16,DF,SURMAN Finn,23/09/2003,Portland Timbers (USA)
NZL,New Zealand,17,FW,BARBAROUSES Kosta,19/02/1990,WS Wanderers FC (AUS)
NZL,New Zealand,18,FW,WAINE Ben,11/06/2001,Port Vale FC (ENG)
NZL,New Zealand,19,MF,OLD Ben,13/08/2002,AS Saint-Etienne (FRA)
NZL,New Zealand,20,MF,McCOWATT Callum,30/04/1999,Silkeborg IF (DEN)
NZL,New Zealand,21,FW,RANDALL Jesse,19/08/2002,Auckland FC (NZL)
NZL,New Zealand,22,GK,WOUD Michael,16/01/1999,Auckland FC (NZL)
NZL,New Zealand,23,MF,THOMAS Ryan,20/12/1994,PEC Zwolle (NED)
NZL,New Zealand,24,DF,ELLIOT Callan,07/07/1999,Auckland FC (NZL)
NZL,New Zealand,25,MF,BAYLISS Lachlan,24/07/2002,Newcastle United Jets FC (AUS)
NZL,New Zealand,26,DF,SMITH Tommy,31/03/1990,Braintree Town FC (ENG)
NOR,Norway,1,GK,NYLAND Orjan,10/09/1990,Sevilla FC (ESP)
NOR,Norway,2,MF,THORSBY Morten,05/05/1996,US Cremonese (ITA)
NOR,Norway,3,DF,AJER Kristoffer,17/04/1998,Brentford FC (ENG)
NOR,Norway,4,DF,OSTIGARD Leo,28/11/1999,Genoa CFC (ITA)
NOR,Norway,5,DF,MOLLER WOLFE David,23/04/2002,Wolverhampton Wanderers FC (ENG)
NOR,Norway,6,MF,BERG Patrick,24/11/1997,FK Bodø/Glimt (NOR)
NOR,Norway,7,FW,SORLOTH Alexander,05/12/1995,Atlético De Madrid (ESP)
NOR,Norway,8,MF,BERGE Sander,14/02/1998,Fulham FC (ENG)
NOR,Norway,9,FW,HAALAND Erling,21/07/2000,Manchester City FC (ENG)
NOR,Norway,10,MF,ODEGAARD Martin,17/12/1998,Arsenal FC (ENG)
NOR,Norway,11,FW,STRAND LARSEN Jorgen,06/02/2000,Crystal Palace FC (ENG)
NOR,Norway,12,GK,TANGVIK Sander,29/11/2002,Hamburger SV (GER)
NOR,Norway,13,GK,SELVIK Egil,30/07/1997,Watford FC (ENG)
NOR,Norway,14,MF,AURSNES Fredrik,10/12/1995,SL Benfica (POR)
NOR,Norway,15,DF,BJORKAN Fredrik Andre,21/08/1998,FK Bodø/Glimt (NOR)
NOR,Norway,16,DF,HOLMGREN PEDERSEN Marcus,16/07/2000,Torino FC (ITA)
NOR,Norway,17,DF,HEGGEM Torbjorn,12/01/1999,Bologna FC (ITA)
NOR,Norway,18,MF,THORSTVEDT Kristian,13/03/1999,US Sassuolo (ITA)
NOR,Norway,19,MF,AASGAARD Thelo,02/05/2002,Rangers FC (SCO)
NOR,Norway,20,FW,NUSA Antonio,17/04/2005,RB Leipzig (GER)
NOR,Norway,21,MF,SCHJELDERUP Andreas,01/06/2004,SL Benfica (POR)
NOR,Norway,22,MF,BOBB Oscar,12/07/2003,Fulham FC (ENG)
NOR,Norway,23,MF,HAUGE Jens Petter,12/10/1999,FK Bodø/Glimt (NOR)
NOR,Norway,24,DF,LANGAS Sondre,02/02/2001,Derby County FC (ENG)
NOR,Norway,25,DF,FALCHENER Henrik,08/05/2003,Viking Stavanger (NOR)
NOR,Norway,26,FW,RYERSON Julian,17/11/1997,Borussia Dortmund (GER)
PAN,Panama,1,GK,MEJIA Luis,16/03/1991,Club Nacional (URU)
PAN,Panama,2,DF,BLACKMAN Cesar,02/04/1998,ŠK Slovan Bratislava (SVK)
PAN,Panama,3,DF,CORDOBA Jose,03/06/2001,Norwich City FC (ENG)
PAN,Panama,4,DF,ESCOBAR Fidel,09/01/1995,Deportivo Saprissa (CRC)
PAN,Panama,5,DF,FARINA Edgardo,19/10/2001,FC Pari Nizhny Novgorod (RUS)
PAN,Panama,6,MF,MARTINEZ Cristian,06/02/1997,Hapoel Kiryat Shmona FC (ISR)
PAN,Panama,7,MF,RODRIGUEZ Jose Luis,19/06/1998,FC Juárez (MEX)
PAN,Panama,8,MF,CARRASQUILLA Adalberto,28/11/1998,Pumas UNAM (MEX)
PAN,Panama,9,FW,RODRIGUEZ Tomas,09/03/1999,Deportivo Saprissa (CRC)
PAN,Panama,10,MF,DIAZ Ismael,12/05/1997,Club León (MEX)
PAN,Panama,11,MF,BARCENAS Edgar Yoel,23/10/1993,Mazatlán FC (MEX)
PAN,Panama,12,GK,SAMUDIO Cesar,23/02/1994,CD Marathón (HON)
PAN,Panama,13,DF,RAMOS Jiovany,26/01/1997,Puerto Cabello CF (VEN)
PAN,Panama,14,DF,HARVEY Carlos,03/02/2000,Minnesota United FC (USA)
PAN,Panama,15,DF,DAVIS Eric,31/03/1991,CD Plaza Amador (PAN)
PAN,Panama,16,DF,ANDRADE Andres,16/10/1998,LASK Linz (AUT)
PAN,Panama,17,FW,FAJARDO Jose,18/08/1993,CD Universidad Católica (ECU)
PAN,Panama,18,FW,WATERMAN Cecilio,13/04/1991,CD Universidad De Concepción (CHI)
PAN,Panama,19,MF,QUINTERO Alberto,18/12/1987,CD Plaza Amador (PAN)
PAN,Panama,20,MF,GODOY Anibal,10/02/1990,San Diego FC (USA)
PAN,Panama,21,MF,YANIS Cesar,28/01/1996,CD Cobresal (CHI)
PAN,Panama,22,GK,MOSQUERA Orlando,25/12/1994,Al Fayha FC (KSA)
PAN,Panama,23,DF,MURILLO Amir,11/02/1996,Beşiktaş JK (TUR)
PAN,Panama,24,FW,LONDONO Azarias,21/06/2001,CD Universidad Católica (ECU)
PAN,Panama,25,DF,MILLER Roderick,03/04/1992,Turan Tovuz (AZE)
PAN,Panama,26,DF,GUTIERREZ Jorge,01/09/1998,Deportivo La Guaira (VEN)
PAR,Paraguay,1,GK,FERNANDEZ Gatito,29/03/1988,Cerro Porteño (PAR)
PAR,Paraguay,2,DF,VELAZQUEZ Gustavo,17/04/1991,Cerro Porteño (PAR)
PAR,Paraguay,3,DF,ALDERETE Omar,26/12/1996,Sunderland AFC (ENG)
PAR,Paraguay,4,DF,CACERES Juan Jose,01/06/2000,FC Dynamo Moscow (RUS)
PAR,Paraguay,5,DF,BALBUENA Fabian,23/08/1991,Grêmio FBPA (BRA)
PAR,Paraguay,6,DF,ALONSO Junior,09/02/1993,Atlético Mineiro (BRA)
PAR,Paraguay,7,MF,SOSA Ramon,31/08/1999,SE Palmeiras (BRA)
PAR,Paraguay,8,MF,GOMEZ Diego,27/03/2003,Brighton & Hove Albion FC (ENG)
PAR,Paraguay,9,FW,SANABRIA Antonio,04/03/1996,US Cremonese (ITA)
PAR,Paraguay,10,MF,ALMIRON Miguel,10/02/1994,Atlanta United FC (USA)
PAR,Paraguay,11,MF,MAURICIO,22/06/2001,SE Palmeiras (BRA)
PAR,Paraguay,12,GK,GILL Orlando,11/06/2000,CA San Lorenzo (ARG)
PAR,Paraguay,13,DF,CANALE Jose,20/07/1996,CA Lanús (ARG)
PAR,Paraguay,14,MF,CUBAS Andres,11/05/1996,Vancouver Whitecaps FC (CAN)
PAR,Paraguay,15,DF,GOMEZ Gustavo,06/05/1993,SE Palmeiras (BRA)
PAR,Paraguay,16,MF,BOBADILLA Damian,11/07/2001,São Paulo FC (BRA)
PAR,Paraguay,17,FW,ROMERO GAMARRA Alejandro,11/01/1995,Al Ain FC (UAE)
PAR,Paraguay,18,FW,ARCE Alex,16/06/1995,CS Independiente Rivadavia (ARG)
PAR,Paraguay,19,FW,ENCISO Julio,23/01/2004,RC Strasbourg (FRA)
PAR,Paraguay,20,MF,OJEDA Braian,27/06/2000,Orlando City SC (USA)
PAR,Paraguay,21,FW,AVALOS Gabriel,09/07/1991,CA Independiente (ARG)
PAR,Paraguay,22,GK,OLVEIRA Gaston,21/04/1993,Club Olimpia (PAR)
PAR,Paraguay,23,MF,GALARZA Matias,11/02/2002,Atlanta United FC (USA)
PAR,Paraguay,24,MF,CABALLERO Gustavo,21/09/2001,Portsmouth FC (ENG)
PAR,Paraguay,25,FW,PITTA Isidro,14/08/1999,Red Bull Bragantino (BRA)
PAR,Paraguay,26,DF,MAIDANA Alexandro,26/07/2005,CA Talleres (ARG)
POR,Portugal,1,GK,DIOGO COSTA,19/09/1999,FC Porto (POR)
POR,Portugal,2,DF,NELSON SEMEDO,16/11/1993,Fenerbahçe SK (TUR)
POR,Portugal,3,DF,RUBEN DIAS,14/05/1997,Manchester City FC (ENG)
POR,Portugal,4,DF,TOMAS ARAUJO,16/05/2002,SL Benfica (POR)
POR,Portugal,5,DF,DIOGO DALOT,18/03/1999,Manchester United FC (ENG)
POR,Portugal,6,MF,MATHEUS NUNES,27/08/1998,Manchester City FC (ENG)
POR,Portugal,7,FW,CRISTIANO RONALDO,05/02/1985,Al Nassr FC (KSA)
POR,Portugal,8,MF,BRUNO FERNANDES,08/09/1994,Manchester United FC (ENG)
POR,Portugal,9,FW,GONCALO RAMOS,20/06/2001,Paris Saint-Germain (FRA)
POR,Portugal,10,MF,BERNARDO SILVA,10/08/1994,Manchester City FC (ENG)
POR,Portugal,11,FW,JOAO FELIX,10/11/1999,Al Nassr FC (KSA)
POR,Portugal,12,GK,JOSE SA,17/01/1993,Wolverhampton Wanderers FC (ENG)
POR,Portugal,13,DF,RENATO VEIGA,29/07/2003,Villarreal CF (ESP)
POR,Portugal,14,DF,GONCALO INACIO,25/08/2001,Sporting CP (POR)
POR,Portugal,15,MF,JOAO NEVES,27/09/2004,Paris Saint-Germain (FRA)
POR,Portugal,16,FW,FRANCISCO TRINCAO,29/12/1999,Sporting CP (POR)
POR,Portugal,17,FW,RAFAEL LEAO,10/06/1999,AC Milan (ITA)
POR,Portugal,18,FW,PEDRO NETO,09/03/2000,Chelsea FC (ENG)
POR,Portugal,19,FW,GONCALO GUEDES,29/11/1996,Real Sociedad (ESP)
POR,Portugal,20,DF,JOAO CANCELO,27/05/1994,FC Barcelona (ESP)
POR,Portugal,21,MF,RUBEN NEVES,13/03/1997,Al Hilal SC (KSA)
POR,Portugal,22,GK,RUI SILVA,07/02/1994,Sporting CP (POR)
POR,Portugal,23,MF,VITINHA,13/02/2000,Paris Saint-Germain (FRA)
POR,Portugal,24,DF,SAMU COSTA,27/11/2000,RCD Mallorca (ESP)
POR,Portugal,25,DF,NUNO MENDES,19/06/2002,Paris Saint-Germain (FRA)
POR,Portugal,26,FW,FRANCISCO CONCEICAO,14/12/2002,Juventus FC (ITA)
QAT,Qatar,1,GK,MAHMOUD ABUNADA,05/02/2000,Al Rayyan SC (QAT)
QAT,Qatar,2,DF,PEDRO MIGUEL,06/08/1990,Al Sadd SC (QAT)
QAT,Qatar,3,DF,LUCAS MENDES,03/07/1990,Al Wakrah SC (QAT)
QAT,Qatar,4,DF,ISSA LAYE,22/12/1997,Al Arabi SC (QAT)
QAT,Qatar,5,DF,JASSEM GABER,20/02/2002,Al Rayyan SC (QAT)
QAT,Qatar,6,MF,ABDULAZIZ HATEM,01/01/1990,Al Rayyan SC (QAT)
QAT,Qatar,7,FW,AHMED ALAAELDIN,31/01/1993,Al Rayyan SC (QAT)
QAT,Qatar,8,FW,EDMILSON JUNIOR,19/08/1994,Al Duhail SC (QAT)
QAT,Qatar,9,FW,MOHAMMED MUNTARI,20/12/1993,Al Gharafa SC (QAT)
QAT,Qatar,10,FW,HASSAN ALHAYDOS,11/12/1990,Al Sadd SC (QAT)
QAT,Qatar,11,FW,AKRAM AFIF,18/11/1996,Al Sadd SC (QAT)
QAT,Qatar,12,MF,KARIM BOUDIAF,16/09/1990,Al Duhail SC (QAT)
QAT,Qatar,13,DF,AYOUB ALOUI,11/03/2005,Al Gharafa SC (QAT)
QAT,Qatar,14,DF,HOMAM AHMED,25/08/1999,Cultural Leonesa (ESP)
QAT,Qatar,15,FW,YUSUF ABDURISAG,06/08/1999,Al Wakrah SC (QAT)
QAT,Qatar,16,DF,BOUALEM KHOUKHI,09/07/1990,Al Sadd SC (QAT)
QAT,Qatar,17,MF,AHMED ALGANEHI,22/09/2000,Al Gharafa SC (QAT)
QAT,Qatar,18,DF,SULTAN ALBRAKE,07/04/1996,Al Duhail SC (QAT)
QAT,Qatar,19,FW,ALMOEZ ALI,19/08/1996,Al Duhail SC (QAT)
QAT,Qatar,20,MF,AHMED FATHY,25/01/1993,Al Arabi SC (QAT)
QAT,Qatar,21,GK,SALAH ZAKARIA,24/04/1999,Al Duhail SC (QAT)
QAT,Qatar,22,GK,MESHAAL BARSHAM,14/02/1998,Al Sadd SC (QAT)
QAT,Qatar,23,MF,ASSIM MADIBO,22/10/1996,Al Wakrah SC (QAT)
QAT,Qatar,24,FW,TAHSIN MOHAMMED,16/06/2006,Al Duhail SC (QAT)
QAT,Qatar,25,DF,ALHASHMI ALHUSSEIN,15/08/2003,Al Arabi SC (QAT)
QAT,Qatar,26,FW,MOHAMED MANAI,25/10/2002,Al Shamal SC (QAT)
KSA,Saudi Arabia,1,GK,NAWAF ALAQIDI,10/05/2000,Al Nassr FC (KSA)
KSA,Saudi Arabia,2,DF,ALI MAJRASHI,02/10/1999,Al Ahli FC (KSA)
KSA,Saudi Arabia,3,DF,ALI LAJAMI,24/04/1996,Al Hilal SC (KSA)
KSA,Saudi Arabia,4,DF,ABDULELAH ALAMRI,15/01/1997,Al Nassr FC (KSA)
KSA,Saudi Arabia,5,DF,HASSAN ALTAMBAKTI,09/02/1999,Al Hilal SC (KSA)
KSA,Saudi Arabia,6,MF,NASSER ALDAWSARI,19/12/1998,Al Hilal SC (KSA)
KSA,Saudi Arabia,7,MF,MUSAB ALJUWAYR,20/06/2003,Al Qadsiah FC (KSA)
KSA,Saudi Arabia,8,FW,AIMAN YAHYA,14/05/2001,Al Nassr FC (KSA)
KSA,Saudi Arabia,9,FW,FERAS ALBRIKAN,14/05/2000,Al Ahli FC (KSA)
KSA,Saudi Arabia,10,FW,SALEM ALDAWSARI,19/08/1991,Al Hilal SC (KSA)
KSA,Saudi Arabia,11,FW,SALEH ALSHEHRI,01/11/1993,Al Ittihad (KSA)
KSA,Saudi Arabia,12,DF,SAUD ABDULHAMID,18/07/1999,RC Lens (FRA)
KSA,Saudi Arabia,13,DF,NAWAF BU WASHL,16/09/1999,Al Nassr FC (KSA)
KSA,Saudi Arabia,14,DF,HASSAN KADISH,26/09/1992,Al Ittihad (KSA)
KSA,Saudi Arabia,15,MF,ABDULLAH ALKHAIBARI,16/08/1996,Al Nassr FC (KSA)
KSA,Saudi Arabia,16,MF,ZIYAD ALJOHANI,11/11/2001,Al Ahli FC (KSA)
KSA,Saudi Arabia,17,FW,KHALID ALGHANNAM,08/11/2000,Al Ettifaq FC (KSA)
KSA,Saudi Arabia,18,MF,ALA ALHAJJI,03/12/1995,Neom SC (KSA)
KSA,Saudi Arabia,19,FW,ABDULLAH ALHAMDDAN,13/09/1999,Al Nassr FC (KSA)
KSA,Saudi Arabia,20,FW,SULTAN MANDASH,17/10/1994,Al Hilal SC (KSA)
KSA,Saudi Arabia,21,GK,MOHAMMED ALOWAIS,10/10/1991,Al Ula Saudi FC (KSA)
KSA,Saudi Arabia,22,GK,AHMED ALKASSAR,08/05/1991,Al Qadsiah FC (KSA)
KSA,Saudi Arabia,23,MF,MOHAMED KANNO,22/09/1994,Al Hilal SC (KSA)
KSA,Saudi Arabia,24,DF,MOTEB ALHARBI,20/02/2000,Al Hilal SC (KSA)
KSA,Saudi Arabia,25,DF,JEHAD THIKRI,21/07/2001,Al Qadsiah FC (KSA)
KSA,Saudi Arabia,26,DF,MOHAMMED ABU ALSHAMAT,11/08/2002,Al Qadsiah FC (KSA)
SCO,Scotland,1,GK,GUNN Angus,22/01/1996,Nottingham Forest FC (ENG)
SCO,Scotland,2,DF,HICKEY Aaron,10/06/2002,Brentford FC (ENG)
SCO,Scotland,3,DF,ROBERTSON Andy,11/03/1994,Liverpool FC (ENG)
SCO,Scotland,4,MF,McTOMINAY Scott,08/12/1996,SSC Napoli (ITA)
SCO,Scotland,5,DF,HANLEY Grant,20/11/1991,Hibernian FC (SCO)
SCO,Scotland,6,DF,TIERNEY Kieran,05/06/1997,Celtic FC (SCO)
SCO,Scotland,7,MF,McGINN John,18/10/1994,Aston Villa FC (ENG)
SCO,Scotland,8,MF,FLETCHER Tyler,19/03/2007,Manchester United FC (ENG)
SCO,Scotland,9,FW,DYKES Lyndon,07/10/1995,Charlton Athletic FC (ENG)
SCO,Scotland,10,FW,ADAMS Che,13/07/1996,Torino FC (ITA)
SCO,Scotland,11,MF,CHRISTIE Ryan,22/02/1995,AFC Bournemouth (ENG)
SCO,Scotland,12,GK,KELLY Liam,23/01/1996,Rangers FC (SCO)
SCO,Scotland,13,DF,HENDRY Jack,07/05/1995,Al Ettifaq FC (KSA)
SCO,Scotland,14,FW,STEWART Ross,11/07/1996,Southampton FC (ENG)
SCO,Scotland,15,DF,SOUTTAR John,25/09/1996,Rangers FC (SCO)
SCO,Scotland,16,DF,HYAM Dominic,20/12/1995,Wrexham AFC (WAL)
SCO,Scotland,17,FW,GANNON-DOAK Ben,11/11/2005,AFC Bournemouth (ENG)
SCO,Scotland,18,FW,HIRST George,15/02/1999,Ipswich Town FC (ENG)
SCO,Scotland,19,MF,FERGUSON Lewis,24/08/1999,Bologna FC (ITA)
SCO,Scotland,20,FW,SHANKLAND Lawrence,10/08/1995,Heart Of Midlothian FC (SCO)
SCO,Scotland,21,GK,GORDON Craig,31/12/1982,Heart Of Midlothian FC (SCO)
SCO,Scotland,22,DF,PATTERSON Nathan,16/10/2001,Everton FC (ENG)
SCO,Scotland,23,MF,McLEAN Kenny,08/01/1992,Norwich City FC (ENG)
SCO,Scotland,24,DF,RALSTON Anthony,16/11/1998,Celtic FC (SCO)
SCO,Scotland,25,FW,CURTIS Findlay,09/06/2006,Kilmarnock FC (SCO)
SCO,Scotland,26,DF,McKENNA Scott,12/11/1996,GNK Dinamo Zagreb (CRO)
SEN,Senegal,1,GK,DIOUF Yehvann,16/11/1999,OGC Nice (FRA)
SEN,Senegal,2,DF,SARR Mamadou,29/08/2005,Chelsea FC (ENG)
SEN,Senegal,3,DF,KOULIBALY Kalidou,20/06/1991,Al Hilal SC (KSA)
SEN,Senegal,4,DF,SECK Abdoulaye,04/06/1992,Maccabi Haifa FC (ISR)
SEN,Senegal,5,MF,GUEYE Idrissa Gana,26/09/1989,Everton FC (ENG)
SEN,Senegal,6,MF,CISS Pathe,16/03/1994,Rayo Vallecano (ESP)
SEN,Senegal,7,FW,DIAO Assane,07/09/2005,Como (ITA)
SEN,Senegal,8,MF,CAMARA Lamine,01/01/2004,AS Monaco (FRA)
SEN,Senegal,9,FW,DIENG Bamba,23/03/2000,FC Lorient (FRA)
SEN,Senegal,10,FW,MANE Sadio,10/04/1992,Al Nassr FC (KSA)
SEN,Senegal,11,FW,JACKSON Nicolas,20/06/2001,FC Bayern München (GER)
SEN,Senegal,12,FW,NDIAYE Cherif,23/01/1996,Samsunspor (TUR)
SEN,Senegal,13,FW,NDIAYE Iliman,06/03/2000,Everton FC (ENG)
SEN,Senegal,14,DF,JAKOBS Ismail,17/08/1999,Galatasaray SK (TUR)
SEN,Senegal,15,DF,DIATTA Krepin,25/02/1999,AS Monaco (FRA)
SEN,Senegal,16,GK,MENDY Edouard,01/03/1992,Al Ahli FC (KSA)
SEN,Senegal,17,MF,SARR Pape Matar,14/09/2002,Tottenham Hotspur FC (ENG)
SEN,Senegal,18,FW,SARR Ismaila,25/02/1998,Crystal Palace FC (ENG)
SEN,Senegal,19,DF,NIAKHATE Moussa,08/03/1996,Olympique Lyonnais (FRA)
SEN,Senegal,20,FW,MBAYE Ibrahim,24/01/2008,Paris Saint-Germain (FRA)
SEN,Senegal,21,MF,DIARRA Habib,03/01/2004,Sunderland AFC (ENG)
SEN,Senegal,22,MF,NDIAYE Bara Sapoko,31/12/2007,FC Bayern München (GER)
SEN,Senegal,23,GK,DIAW Mory,22/06/1993,Le Havre AC (FRA)
SEN,Senegal,24,DF,MENDY Antoine,27/05/2004,OGC Nice (FRA)
SEN,Senegal,25,DF,DIOUF El Hadji Malick,29/12/2004,West Ham United FC (ENG)
SEN,Senegal,26,MF,GUEYE Pape,24/01/1999,Villarreal CF (ESP)
RSA,South Africa,1,GK,WILLIAMS Ronwen,21/01/1992,Mamelodi Sundowns FC (RSA)
RSA,South Africa,2,DF,MATULUDI Thabang,14/01/1999,Polokwane City FC (RSA)
RSA,South Africa,3,DF,NDAMANE Khulumani,05/02/2004,Mamelodi Sundowns FC (RSA)
RSA,South Africa,4,MF,MOKOENA Teboho,24/01/1997,Mamelodi Sundowns FC (RSA)
RSA,South Africa,5,MF,MBATHA Thalente,06/03/2000,Orlando Pirates FC (RSA)
RSA,South Africa,6,DF,MODIBA Aubrey,22/07/1995,Mamelodi Sundowns FC (RSA)
RSA,South Africa,7,FW,APPOLLIS Oswin,25/08/2001,Orlando Pirates FC (RSA)
RSA,South Africa,8,FW,MOREMI Tshepang,02/10/2000,Orlando Pirates FC (RSA)
RSA,South Africa,9,FW,FOSTER Lyle,03/09/2000,Burnley FC (ENG)
RSA,South Africa,10,FW,MOFOKENG Relebohile,23/10/2004,Orlando Pirates FC (RSA)
RSA,South Africa,11,MF,ZWANE Themba,03/08/1989,Mamelodi Sundowns FC (RSA)
RSA,South Africa,12,FW,MASEKO Thapelo,11/11/2003,AEL Limassol (CYP)
RSA,South Africa,13,MF,SITHOLE Sphephelo,03/03/1999,CD Tondela (POR)
RSA,South Africa,14,DF,MBOKAZI Mbekezeli,19/09/2005,Chicago Fire FC (USA)
RSA,South Africa,15,FW,RAYNERS Iqraam,19/12/1995,Mamelodi Sundowns FC (RSA)
RSA,South Africa,16,GK,CHAINE Sipho,14/12/1996,Orlando Pirates FC (RSA)
RSA,South Africa,17,FW,MAKGOPA Evidence,05/06/2000,Orlando Pirates FC (RSA)
RSA,South Africa,18,DF,KABINI Samukele,15/03/2004,Molde FK (NOR)
RSA,South Africa,19,DF,SIBISI Nkosinathi,22/09/1995,Orlando Pirates FC (RSA)
RSA,South Africa,20,DF,MUDAU Khuliso,26/04/1995,Mamelodi Sundowns FC (RSA)
RSA,South Africa,21,DF,OKON Ime,20/02/2004,Hannover 96 (GER)
RSA,South Africa,22,GK,GOSS Ricardo,02/04/1994,Siwelele FC (RSA)
RSA,South Africa,23,MF,ADAMS Jayden,05/05/2001,Mamelodi Sundowns FC (RSA)
RSA,South Africa,24,DF,MAKHANYA Olwethu,30/04/2004,Philadelphia Union (USA)
RSA,South Africa,25,FW,SEBELEBELE Kamogelo,21/07/2002,Orlando Pirates FC (RSA)
RSA,South Africa,26,DF,CROSS Bradley,30/01/2001,Kaizer Chiefs FC (RSA)
ESP,Spain,1,GK,RAYA David,15/09/1995,Arsenal FC (ENG)
ESP,Spain,2,DF,PUBILL Marc,20/06/2003,Atlético De Madrid (ESP)
ESP,Spain,3,DF,GRIMALDO Alex,20/09/1995,Bayer 04 Leverkusen (GER)
ESP,Spain,4,DF,GARCIA Eric,09/01/2001,FC Barcelona (ESP)
ESP,Spain,5,DF,LLORENTE Marcos,30/01/1995,Atlético De Madrid (ESP)
ESP,Spain,6,MF,MERINO Mikel,22/06/1996,Arsenal FC (ENG)
ESP,Spain,7,FW,TORRES Ferran,29/02/2000,FC Barcelona (ESP)
ESP,Spain,8,MF,RUIZ Fabian,03/04/1996,Paris Saint-Germain (FRA)
ESP,Spain,9,MF,GAVI,05/08/2004,FC Barcelona (ESP)
ESP,Spain,10,FW,OLMO Dani,07/05/1998,FC Barcelona (ESP)
ESP,Spain,11,FW,PINO Yeremy,20/10/2002,Crystal Palace FC (ENG)
ESP,Spain,12,DF,PORRO Pedro,13/09/1999,Tottenham Hotspur FC (ENG)
ESP,Spain,13,GK,GARCIA Joan,04/05/2001,FC Barcelona (ESP)
ESP,Spain,14,DF,LAPORTE Aymeric,27/05/1994,Athletic Club (ESP)
ESP,Spain,15,MF,BAENA Alex,20/07/2001,Atlético De Madrid (ESP)
ESP,Spain,16,MF,RODRI,22/06/1996,Manchester City FC (ENG)
ESP,Spain,17,FW,WILLIAMS Nico,12/07/2002,Athletic Club (ESP)
ESP,Spain,18,MF,ZUBIMENDI Martin,02/02/1999,Arsenal FC (ENG)
ESP,Spain,19,FW,YAMAL Lamine,13/07/2007,FC Barcelona (ESP)
ESP,Spain,20,MF,PEDRI,25/11/2002,FC Barcelona (ESP)
ESP,Spain,21,FW,OYARZABAL Mikel,21/04/1997,Real Sociedad (ESP)
ESP,Spain,22,DF,CUBARSI Pau,22/01/2007,FC Barcelona (ESP)
ESP,Spain,23,GK,SIMON Unai,11/06/1997,Athletic Club (ESP)
ESP,Spain,24,DF,CUCURELLA Marc,22/07/1998,Chelsea FC (ENG)
ESP,Spain,25,FW,MUNOZ Victor,13/07/2003,CA Osasuna (ESP)
ESP,Spain,26,FW,IGLESIAS Borja,17/01/1993,RC Celta Vigo (ESP)
SWE,Sweden,1,GK,WIDELL ZETTERSTROM Jacob,11/07/1998,Derby County FC (ENG)
SWE,Sweden,2,DF,LAGERBIELKE Gustaf,10/04/2000,SC Braga (POR)
SWE,Sweden,3,DF,LINDELOF Victor,17/07/1994,Aston Villa FC (ENG)
SWE,Sweden,4,DF,HIEN Isak,13/01/1999,Atalanta Bergamo (ITA)
SWE,Sweden,5,DF,GUDMUNDSSON Gabriel,29/04/1999,Leeds United FC (ENG)
SWE,Sweden,6,DF,JOHANSSON Herman,16/10/1997,FC Dallas (USA)
SWE,Sweden,7,MF,BERGVALL Lucas,02/02/2006,Tottenham Hotspur FC (ENG)
SWE,Sweden,8,DF,SVENSSON Daniel,12/02/2002,Borussia Dortmund (GER)
SWE,Sweden,9,FW,ISAK Alexander,21/09/1999,Liverpool FC (ENG)
SWE,Sweden,10,MF,NYGREN Benjamin,08/07/2001,Celtic FC (SCO)
SWE,Sweden,11,FW,ELANGA Anthony,27/04/2002,Newcastle United FC (ENG)
SWE,Sweden,12,GK,JOHANSSON Viktor,14/09/1998,Stoke City FC (ENG)
SWE,Sweden,13,MF,SEMA Ken,30/09/1993,Pafos FC (CYP)
SWE,Sweden,14,DF,EKDAL Hjalmar,21/10/1998,Burnley FC (ENG)
SWE,Sweden,15,DF,STARFELT Carl,01/06/1995,RC Celta Vigo (ESP)
SWE,Sweden,16,MF,KARLSTROM Jesper,21/06/1995,Udinese (ITA)
SWE,Sweden,17,FW,GYOKERES Viktor,04/06/1998,Arsenal FC (ENG)
SWE,Sweden,18,MF,AYARI Yasin,06/10/2003,Brighton & Hove Albion FC (ENG)
SWE,Sweden,19,MF,SVANBERG Mattias,05/01/1999,VfL Wolfsburg (GER)
SWE,Sweden,20,DF,SMITH Eric,08/01/1997,FC St. Pauli (GER)
SWE,Sweden,21,DF,BERNHARDSSON Alexander,08/09/1998,Holstein Kiel (GER)
SWE,Sweden,22,MF,ZENELI Besfort,21/11/2002,Royale Union Saint-Gilloise (BEL)
SWE,Sweden,23,GK,NORDFELDT Kristoffer,23/06/1989,AIK Stockholm (SWE)
SWE,Sweden,24,DF,STROUD Elliot,22/06/2002,Mjällby AIF (SWE)
SWE,Sweden,25,FW,NILSSON Gustaf,23/05/1997,Club Brugge (BEL)
SWE,Sweden,26,FW,ALI Taha,01/07/1998,Malmö FF (SWE)
SUI,Switzerland,1,GK,KOBEL Gregor,06/12/1997,Borussia Dortmund (GER)
SUI,Switzerland,2,DF,MUHEIM Miro,24/03/1998,Hamburger SV (GER)
SUI,Switzerland,3,DF,WIDMER Silvan,05/03/1993,1. FSV Mainz 05 (GER)
SUI,Switzerland,4,DF,ELVEDI Nico,30/09/1996,Borussia Mönchengladbach (GER)
SUI,Switzerland,5,DF,AKANJI Manuel,19/07/1995,FC Internazionale Milano (ITA)
SUI,Switzerland,6,MF,ZAKARIA Denis,20/11/1996,AS Monaco (FRA)
SUI,Switzerland,7,FW,EMBOLO Breel,14/02/1997,Stade Rennais FC (FRA)
SUI,Switzerland,8,MF,FREULER Remo,15/04/1992,Bologna FC (ITA)
SUI,Switzerland,9,MF,MANZAMBI Johan,14/10/2005,SC Freiburg (GER)
SUI,Switzerland,10,MF,XHAKA Granit,27/09/1992,Sunderland AFC (ENG)
SUI,Switzerland,11,FW,NDOYE Dan,25/10/2000,Nottingham Forest FC (ENG)
SUI,Switzerland,12,GK,MVOGO Yvon,06/06/1994,FC Lorient (FRA)
SUI,Switzerland,13,DF,RODRIGUEZ Ricardo,25/08/1992,Real Betis (ESP)
SUI,Switzerland,14,MF,JASHARI Ardon,30/07/2002,AC Milan (ITA)
SUI,Switzerland,15,MF,SOW Djibril,06/02/1997,Sevilla FC (ESP)
SUI,Switzerland,16,FW,FASSNACHT Christian,11/11/1993,BSC Young Boys (SUI)
SUI,Switzerland,17,FW,VARGAS Ruben,05/08/1998,Sevilla FC (ESP)
SUI,Switzerland,18,DF,COEMERT Eray,04/02/1998,Valencia CF (ESP)
SUI,Switzerland,19,FW,OKAFOR Noah,24/05/2000,Leeds United FC (ENG)
SUI,Switzerland,20,MF,AEBISCHER Michel,06/01/1997,Pisa SC (ITA)
SUI,Switzerland,21,GK,KELLER Marvin,03/07/2002,BSC Young Boys (SUI)
SUI,Switzerland,22,MF,RIEDER Fabian,16/02/2002,FC Augsburg (GER)
SUI,Switzerland,23,FW,AMDOUNI Zeki,04/12/2000,Burnley FC (ENG)
SUI,Switzerland,24,DF,AMENDA Aurele,31/07/2003,Eintracht Frankfurt (GER)
SUI,Switzerland,25,DF,JAQUEZ Luca,02/06/2003,VfB Stuttgart (GER)
SUI,Switzerland,26,FW,ITTEN Cedric,27/12/1996,Fortuna Düsseldorf (GER)
TUN,Tunisia,1,GK,CHAMAKH Mouhib,25/08/2001,Club Africain (TUN)
TUN,Tunisia,2,DF,ABDI Ali,20/12/1993,OGC Nice (FRA)
TUN,Tunisia,3,DF,TALBI Montassar,26/05/1998,FC Lorient (FRA)
TUN,Tunisia,4,DF,REKIK Omar,20/12/2001,NK Maribor (SVN)
TUN,Tunisia,5,DF,AROUS Adam,17/07/2004,Kasımpaşa SK (TUR)
TUN,Tunisia,6,DF,BRONN Dylan,19/06/1995,Servette FC (SUI)
TUN,Tunisia,7,FW,ACHOURI Elias,10/02/1999,FC København (DEN)
TUN,Tunisia,8,FW,SAAD Elias,27/12/1999,Hannover 96 (GER)
TUN,Tunisia,9,FW,MASTOURI Hazem,18/06/1997,FC Dynamo Makhachkala (RUS)
TUN,Tunisia,10,MF,MEJBRI Hannibal,21/01/2003,Burnley FC (ENG)
TUN,Tunisia,11,MF,GHARBI Ismael,10/04/2004,FC Augsburg (GER)
TUN,Tunisia,12,DF,BEN OUANES Mortadha,02/07/1994,Kasımpaşa SK (TUR)
TUN,Tunisia,13,MF,KHEDIRA Rani,27/01/1994,1. FC Union Berlin (GER)
TUN,Tunisia,14,MF,AYARI Khalil,02/02/2005,Paris Saint-Germain (FRA)
TUN,Tunisia,15,MF,HADJ MAHMOUD Mohamed,24/04/2000,FC Lugano (SUI)
TUN,Tunisia,16,GK,DAHMEN Aymen,28/01/1997,CS Sfaxien (TUN)
TUN,Tunisia,17,MF,SKHIRI Ellyes,10/05/1995,Eintracht Frankfurt (GER)
TUN,Tunisia,18,FW,ELLOUMI Rayan,17/09/2007,Vancouver Whitecaps FC (CAN)
TUN,Tunisia,19,FW,CHAOUAT Firas,08/05/1996,Club Africain (TUN)
TUN,Tunisia,20,DF,VALERY Yan,22/02/1999,BSC Young Boys (SUI)
TUN,Tunisia,21,DF,BEN HMIDA Mohamed Amine,15/12/1995,Espérance De Tunisie (TUN)
TUN,Tunisia,22,GK,BEN HESSEN Sabri,13/06/1996,Étoile Du Sahel (TUN)
TUN,Tunisia,23,DF,NEFFATI Moutaz,04/09/2004,IFK Norrköping FK (SWE)
TUN,Tunisia,24,DF,CHIKHAOUI Raed,09/06/2004,US Monastir (TUN)
TUN,Tunisia,25,MF,SLIMANE Anis,16/03/2001,Norwich City FC (ENG)
TUN,Tunisia,26,MF,TOUNEKTI Sebastian,13/07/2002,Celtic FC (SCO)
TUR,Türkiye,1,GK,GUNOK Mert,01/03/1989,Fenerbahçe SK (TUR)
TUR,Türkiye,2,DF,CELIK Zeki,17/02/1997,AS Roma (ITA)
TUR,Türkiye,3,DF,DEMIRAL Merih,05/03/1998,Al Ahli FC (KSA)
TUR,Türkiye,4,DF,SOYUNCU Caglar,23/05/1996,Fenerbahçe SK (TUR)
TUR,Türkiye,5,MF,OZCAN Salih,11/01/1998,Borussia Dortmund (GER)
TUR,Türkiye,6,MF,KOKCU Orkun,29/12/2000,Beşiktaş JK (TUR)
TUR,Türkiye,7,FW,AKTURKOGLU Kerem,21/10/1998,Fenerbahçe SK (TUR)
TUR,Türkiye,8,FW,GULER Arda,25/02/2005,Real Madrid C. F. (ESP)
TUR,Türkiye,9,FW,GUL Deniz,02/07/2004,FC Porto (POR)
TUR,Türkiye,10,MF,CALHANOGLU Hakan,08/02/1994,FC Internazionale Milano (ITA)
TUR,Türkiye,11,FW,YILDIZ Kenan,04/05/2005,Juventus FC (ITA)
TUR,Türkiye,12,GK,BAYINDIR Altay,14/04/1998,Manchester United FC (ENG)
TUR,Türkiye,13,DF,ELMALI Eren,07/07/2000,Galatasaray SK (TUR)
TUR,Türkiye,14,DF,BARDAKCI Abdulkerim,07/09/1994,Galatasaray SK (TUR)
TUR,Türkiye,15,DF,KABAK Ozan,25/03/2000,TSG Hoffenheim (GER)
TUR,Türkiye,16,MF,YUKSEK Ismail,26/01/1999,Fenerbahçe SK (TUR)
TUR,Türkiye,17,FW,KAHVECI Irfan Can,15/07/1995,Kasımpaşa SK (TUR)
TUR,Türkiye,18,DF,MULDUR Mert,03/04/1999,Fenerbahçe SK (TUR)
TUR,Türkiye,19,FW,AKGUN Yunus,07/07/2000,Galatasaray SK (TUR)
TUR,Türkiye,20,DF,KADIOGLU Ferdi,07/10/1999,Brighton & Hove Albion FC (ENG)
TUR,Türkiye,21,FW,YILMAZ Baris Alper,23/05/2000,Galatasaray SK (TUR)
TUR,Türkiye,22,MF,AYHAN Kaan,10/11/1994,Galatasaray SK (TUR)
TUR,Türkiye,23,GK,CAKIR Ugurcan,05/04/1996,Galatasaray SK (TUR)
TUR,Türkiye,24,FW,AYDIN Oguz,27/10/2000,Fenerbahçe SK (TUR)
TUR,Türkiye,25,DF,AKAYDIN Samet,13/03/1994,Çaykur Rizespor (TUR)
TUR,Türkiye,26,FW,UZUN Can,11/11/2005,Eintracht Frankfurt (GER)
URU,Uruguay,1,GK,ROCHET Sergio,23/03/1993,SC Internacional (BRA)
URU,Uruguay,2,DF,GIMENEZ Jose Maria,20/01/1995,Atlético De Madrid (ESP)
URU,Uruguay,3,DF,CACERES Sebastian,18/08/1999,Club América (MEX)
URU,Uruguay,4,DF,ARAUJO Ronald,07/03/1999,FC Barcelona (ESP)
URU,Uruguay,5,MF,UGARTE Manuel,11/04/2001,Manchester United FC (ENG)
URU,Uruguay,6,MF,BENTANCUR Rodrigo,25/06/1997,Tottenham Hotspur FC (ENG)
URU,Uruguay,7,MF,DE LA CRUZ Nicolas,01/06/1997,CR Flamengo (BRA)
URU,Uruguay,8,MF,VALVERDE Federico,22/07/1998,Real Madrid C. F. (ESP)
URU,Uruguay,9,FW,NUNEZ Darwin,24/06/1999,Al Hilal SC (KSA)
URU,Uruguay,10,MF,DE ARRASCAETA Giorgian,01/06/1994,CR Flamengo (BRA)
URU,Uruguay,11,FW,PELLISTRI Facundo,20/12/2001,Panathinaikos FC (GRE)
URU,Uruguay,12,GK,MELE Santiago,06/09/1997,CF Monterrey (MEX)
URU,Uruguay,13,DF,VARELA Guillermo,24/03/1993,CR Flamengo (BRA)
URU,Uruguay,14,MF,CANOBBIO Agustin,01/10/1998,Fluminense FC (BRA)
URU,Uruguay,15,MF,MARTINEZ Emiliano,17/08/1999,SE Palmeiras (BRA)
URU,Uruguay,16,DF,OLIVERA Mathias,31/10/1997,SSC Napoli (ITA)
URU,Uruguay,17,DF,VINA Matias,09/11/1997,CA River Plate (ARG)
URU,Uruguay,18,FW,RODRIGUEZ Brian,20/05/2000,Club América (MEX)
URU,Uruguay,19,FW,AGUIRRE Rodrigo,01/10/1994,Tigres UANL (MEX)
URU,Uruguay,20,MF,ARAUJO Maxi,15/02/2000,Sporting CP (POR)
URU,Uruguay,21,FW,VINAS Federico,30/06/1998,Real Oviedo (ESP)
URU,Uruguay,22,MF,PIQUEREZ Joaquin,24/08/1998,SE Palmeiras (BRA)
URU,Uruguay,23,GK,MUSLERA Fernando,16/06/1986,Estudiantes LP (ARG)
URU,Uruguay,24,DF,BUENO Santiago,09/11/1998,Wolverhampton Wanderers FC (ENG)
URU,Uruguay,25,MF,SANABRIA Juan Manuel,29/03/2000,Real Salt Lake (USA)
URU,Uruguay,26,MF,ZALAZAR Rodrigo,12/08/1999,SC Braga (POR)
USA,USA,1,GK,TURNER Matt,24/06/1994,New England Revolution (USA)
USA,USA,2,DF,DEST Sergino,03/11/2000,PSV Eindhoven (NED)
USA,USA,3,DF,RICHARDS Chris,28/03/2000,Crystal Palace FC (ENG)
USA,USA,4,MF,ADAMS Tyler,14/02/1999,AFC Bournemouth (ENG)
USA,USA,5,DF,ROBINSON Antonee,08/08/1997,Fulham FC (ENG)
USA,USA,6,DF,TRUSTY Auston,12/08/1998,Celtic FC (SCO)
USA,USA,7,MF,REYNA Giovanni,13/11/2002,Borussia Mönchengladbach (GER)
USA,USA,8,MF,McKENNIE Weston,28/08/1998,Juventus FC (ITA)
USA,USA,9,FW,PEPI Ricardo,09/01/2003,PSV Eindhoven (NED)
USA,USA,10,FW,PULISIC Christian,18/09/1998,AC Milan (ITA)
USA,USA,11,FW,AARONSON Brenden,22/10/2000,Leeds United FC (ENG)
USA,USA,12,DF,ROBINSON Miles,14/03/1997,FC Cincinnatti (USA)
USA,USA,13,DF,REAM Tim,05/10/1987,Charlotte FC (USA)
USA,USA,14,MF,BERHALTER Sebastian,10/05/2001,Vancouver Whitecaps FC (CAN)
USA,USA,15,MF,ROLDAN Cristian,03/06/1995,Seattle Sounders FC (USA)
USA,USA,16,DF,FREEMAN Alex,09/08/2004,Villarreal CF (ESP)
USA,USA,17,MF,TILLMAN Malik,28/05/2002,Bayer 04 Leverkusen (GER)
USA,USA,18,DF,ARFSTEN Max,19/04/2001,Columbus Crew (USA)
USA,USA,19,FW,WRIGHT Haji,27/03/1998,Coventry City FC (ENG)
USA,USA,20,FW,BALOGUN Folarin,03/07/2001,AS Monaco (FRA)
USA,USA,21,FW,WEAH Timothy,22/02/2000,Olympique Marseille (FRA)
USA,USA,22,DF,McKENZIE Mark,25/02/1999,Toulouse FC (FRA)
USA,USA,23,DF,SCALLY Joe,31/12/2002,Borussia Mönchengladbach (GER)
USA,USA,24,GK,FREESE Matt,02/09/1998,New York City FC (USA)
USA,USA,25,GK,BRADY Chris,03/03/2004,Chicago Fire FC (USA)
USA,USA,26,FW,ZENDEJAS Alex,07/02/1998,Club América (MEX)
UZB,Uzbekistan,1,GK,YUSUPOV Utkir,04/01/1991,PFC Navbahor Namangan (UZB)
UZB,Uzbekistan,2,DF,KHUSANOV Abdukodir,29/02/2004,Manchester City FC (ENG)
UZB,Uzbekistan,3,DF,ALIJONOV Khojiakbar,19/04/1997,Pakhtakor Tashkent FK (UZB)
UZB,Uzbekistan,4,DF,SAYFIEV Farrukh,17/01/1991,FK Neftchi Farg'ona (UZB)
UZB,Uzbekistan,5,DF,ASHURMATOV Rustam,07/07/1996,Esteghlal Tehran FC (IRN)
UZB,Uzbekistan,6,MF,MOZGOVOY Akmal,02/04/1999,Pakhtakor Tashkent FK (UZB)
UZB,Uzbekistan,7,MF,SHUKUROV Otabek,22/06/1996,Baniyas Club (UAE)
UZB,Uzbekistan,8,MF,ISKANDEROV Jamshid,16/10/1993,FK Neftchi Farg'ona (UZB)
UZB,Uzbekistan,9,MF,XAMROBEKOV Odiljon,13/02/1996,Tractor Sazi Tabriz FC (IRN)
UZB,Uzbekistan,10,MF,MASHARIPOV Jaloliddin,01/09/1993,Esteghlal Tehran FC (IRN)
UZB,Uzbekistan,11,MF,URUNOV Oston,19/12/2000,Persepolis FC (IRN)
UZB,Uzbekistan,12,GK,NEMATOV Abduvohid,20/03/2001,Nasaf Qarshi FC (UZB)
UZB,Uzbekistan,13,DF,NASRULLAEV Sherzod,23/07/1998,Pakhtakor Tashkent FK (UZB)
UZB,Uzbekistan,14,FW,SHOMURODOV Eldor,29/06/1995,Başakşehir FK (TUR)
UZB,Uzbekistan,15,DF,ESHMURODOV Umar,30/11/1992,Nasaf Qarshi FC (UZB)
UZB,Uzbekistan,16,GK,ERGASHEV Botirali,23/06/1995,FK Neftchi Farg'ona (UZB)
UZB,Uzbekistan,17,MF,KHAMDAMOV Dostonbek,24/07/1996,Pakhtakor Tashkent FK (UZB)
UZB,Uzbekistan,18,DF,ABDULLAEV Abdulla,01/09/1997,Dibba FC (UAE)
UZB,Uzbekistan,19,MF,GANIEV Azizjon,22/02/1998,Al Bataeh Club (UAE)
UZB,Uzbekistan,20,FW,AMONOV Azizbek,30/10/1997,FK Dinamo Samarkand (UZB)
UZB,Uzbekistan,21,FW,SERGEEV Igor,30/04/1993,Persepolis FC (IRN)
UZB,Uzbekistan,22,MF,FAYZULLAEV Abbosbek,03/10/2003,Başakşehir FK (TUR)
UZB,Uzbekistan,23,MF,ESANOV Sherzod,01/02/2003,FK Buxoro (UZB)
UZB,Uzbekistan,24,DF,KARIMOV Behruzjon,07/08/2007,Surkhon FK (UZB)
UZB,Uzbekistan,25,DF,ULMASALIYEV Avazbek,27/03/2000,OKMK FK (UZB)
UZB,Uzbekistan,26,DF,UROZOV Jakhongir,18/01/2004,FK Dinamo Samarkand (UZB)
